"MAPPING — MASTER DATA (Model, Brand, Size, HS Code da co san)",,,,,,,,,
"  Day la MASTER DATA chinh: VBA doc Size/HS Code/Ma noi bo TRUC TIEP tu day theo key MODEL+BRAND.
  Neu mot Model+Brand MOI chua co trong danh sach, VBA se TU TINH du phong va canh bao ban bo sung.
  CHI THEM DONG MOI khi co Model+Brand thuc su chua ton tai (khong sua Size/HS Code cua dong co san tru khi chac chan).",,,,,,,,,
#,MODEL,BRAND,DESCRIPTION (English),INTERNAL CODE,SIZE (CM),HS CODE,TEN HANG (VN),SO LO,PCS/CTN
1,RECMF-8300,TAKA PRO,Rubber Belt (V-Ribbed) TAKA PRO RECMF-8300,CR.BR.030.TAPRO,76.2,401032,TAKA PRO r?ng B30,,100
2,RECMF-8310,TAKA PRO,Rubber Belt (V-Ribbed) TAKA PRO RECMF-8310,CR.BR.031.TAPRO,78.7,401032,TAKA PRO r?ng B31,,100
3,RECMF-8320,TAKA PRO,Rubber Belt (V-Ribbed) TAKA PRO RECMF-8320,CR.BR.032.TAPRO,81.3,401032,TAKA PRO r?ng B32,,100
4,RECMF-8330,TAKA PRO,Rubber Belt (V-Ribbed) TAKA PRO RECMF-8330,CR.BR.033.TAPRO,83.8,401032,TAKA PRO r?ng B33,,80
5,RECMF-8340,TAKA PRO,Rubber Belt (V-Ribbed) TAKA PRO RECMF-8340,CR.BR.034.TAPRO,86.4,401032,TAKA PRO r?ng B34,,80
6,RECMF-8350,TAKA PRO,Rubber Belt (V-Ribbed) TAKA PRO RECMF-8350,CR.BR.035.TAPRO,88.9,401032,TAKA PRO r?ng B35,,75
7,RECMF-8360,TAKA PRO,Rubber Belt (V-Ribbed) TAKA PRO RECMF-8360,CR.BR.036.TAPRO,91.4,401032,TAKA PRO r?ng B36,,75
8,RECMF-8370,TAKA PRO,Rubber Belt (V-Ribbed) TAKA PRO RECMF-8370,CR.BR.037.TAPRO,94,401032,TAKA PRO r?ng B37,,75
9,RECMF-8380,TAKA PRO,Rubber Belt (V-Ribbed) TAKA PRO RECMF-8380,CR.BR.038.TAPRO,96.5,401032,TAKA PRO r?ng B38,,75
10,RECMF-8390,TAKA PRO,Rubber Belt (V-Ribbed) TAKA PRO RECMF-8390,CR.BR.039.TAPRO,99.1,401032,TAKA PRO r?ng B39,,75
11,RECMF-8400,TAKA PRO,Rubber Belt (V-Ribbed) TAKA PRO RECMF-8400,CR.BR.040.TAPRO,101.6,401032,TAKA PRO r?ng B40,,75
12,RECMF-8410,TAKA PRO,Rubber Belt (V-Ribbed) TAKA PRO RECMF-8410,CR.BR.041.TAPRO,104.1,401032,TAKA PRO r?ng B41,,75
13,RECMF-8420,TAKA PRO,Rubber Belt (V-Ribbed) TAKA PRO RECMF-8420,CR.BR.042.TAPRO,106.7,401032,TAKA PRO r?ng B42,,75
14,RECMF-8430,TAKA PRO,Rubber Belt (V-Ribbed) TAKA PRO RECMF-8430,CR.BR.043.TAPRO,109.2,401032,TAKA PRO r?ng B43,,75
15,RECMF-8440,TAKA PRO,Rubber Belt (V-Ribbed) TAKA PRO RECMF-8440,CR.BR.044.TAPRO,111.8,401032,TAKA PRO r?ng B44,,75
16,RECMF-8450,TAKA PRO,Rubber Belt (V-Ribbed) TAKA PRO RECMF-8450,CR.BR.045.TAPRO,114.3,401032,TAKA PRO r?ng B45,,75
17,RECMF-8460,TAKA PRO,Rubber Belt (V-Ribbed) TAKA PRO RECMF-8460,CR.BR.046.TAPRO,116.8,401032,TAKA PRO r?ng B46,,70
18,RECMF-8470,TAKA PRO,Rubber Belt (V-Ribbed) TAKA PRO RECMF-8470,CR.BR.047.TAPRO,119.4,401032,TAKA PRO r?ng B47,,70
19,RECMF-8480,TAKA PRO,Rubber Belt (V-Ribbed) TAKA PRO RECMF-8480,CR.BR.048.TAPRO,121.9,401032,TAKA PRO r?ng B48,,70
20,RECMF-8490,TAKA PRO,Rubber Belt (V-Ribbed) TAKA PRO RECMF-8490,CR.BR.049.TAPRO,124.5,401032,TAKA PRO r?ng B49,,70
21,RECMF-8500,TAKA PRO,Rubber Belt (V-Ribbed) TAKA PRO RECMF-8500,CR.BR.050.TAPRO,127,401032,TAKA PRO r?ng B50,,70
22,RECMF-8510,TAKA PRO,Rubber Belt (V-Ribbed) TAKA PRO RECMF-8510,CR.BR.051.TAPRO,129.5,401032,TAKA PRO r?ng B51,,65
23,RECMF-8520,TAKA PRO,Rubber Belt (V-Ribbed) TAKA PRO RECMF-8520,CR.BR.052.TAPRO,132.1,401032,TAKA PRO r?ng B52,,65
24,RECMF-8530,TAKA PRO,Rubber Belt (V-Ribbed) TAKA PRO RECMF-8530,CR.BR.053.TAPRO,134.6,401032,TAKA PRO r?ng B53,,65
25,RECMF-8540,TAKA PRO,Rubber Belt (V-Ribbed) TAKA PRO RECMF-8540,CR.BR.054.TAPRO,137.2,401032,TAKA PRO r?ng B54,,65
26,RECMF-8550,TAKA PRO,Rubber Belt (V-Ribbed) TAKA PRO RECMF-8550,CR.BR.055.TAPRO,139.7,401032,TAKA PRO r?ng B55,,65
27,RECMF-8560,TAKA PRO,Rubber Belt (V-Ribbed) TAKA PRO RECMF-8560,CR.BR.056.TAPRO,142.2,401032,TAKA PRO r?ng B56,,60
28,RECMF-8570,TAKA PRO,Rubber Belt (V-Ribbed) TAKA PRO RECMF-8570,CR.BR.057.TAPRO,144.8,401032,TAKA PRO r?ng B57,,60
29,RECMF-8580,TAKA PRO,Rubber Belt (V-Ribbed) TAKA PRO RECMF-8580,CR.BR.058.TAPRO,147.3,401032,TAKA PRO r?ng B58,,60
30,RECMF-8590,TAKA PRO,Rubber Belt (V-Ribbed) TAKA PRO RECMF-8590,CR.BR.059.TAPRO,149.9,401032,TAKA PRO r?ng B59,,60
31,RECMF-8600,TAKA PRO,Rubber Belt (V-Ribbed) TAKA PRO RECMF-8600,CR.BR.060.TAPRO,152.4,401032,TAKA PRO r?ng B60,,55
32,RECMF-8610,TAKA PRO,Rubber Belt (V-Ribbed) TAKA PRO RECMF-8610,CR.BR.061.TAPRO,154.9,401032,TAKA PRO r?ng B61,,55
33,RECMF-8620,TAKA PRO,Rubber Belt (V-Ribbed) TAKA PRO RECMF-8620,CR.BR.062.TAPRO,157.5,401032,TAKA PRO r?ng B62,,55
34,RECMF-8630,TAKA PRO,Rubber Belt (V-Ribbed) TAKA PRO RECMF-8630,CR.BR.063.TAPRO,160,401032,TAKA PRO r?ng B63,,55
35,RECMF-8640,TAKA PRO,Rubber Belt (V-Ribbed) TAKA PRO RECMF-8640,CR.BR.064.TAPRO,162.6,401032,TAKA PRO r?ng B64,,55
36,RECMF-8650,TAKA PRO,Rubber Belt (V-Ribbed) TAKA PRO RECMF-8650,CR.BR.065.TAPRO,165.1,401032,TAKA PRO r?ng B65,,55
37,RECMF-8660,TAKA PRO,Rubber Belt (V-Ribbed) TAKA PRO RECMF-8660,CR.BR.066.TAPRO,167.6,401032,TAKA PRO r?ng B66,,55
38,RECMF-8670,TAKA PRO,Rubber Belt (V-Ribbed) TAKA PRO RECMF-8670,CR.BR.067.TAPRO,170.2,401032,TAKA PRO r?ng B67,,55
39,RECMF-8680,TAKA PRO,Rubber Belt (V-Ribbed) TAKA PRO RECMF-8680,CR.BR.068.TAPRO,172.7,401032,TAKA PRO r?ng B68,,55
40,RECMF-8690,TAKA PRO,Rubber Belt (V-Ribbed) TAKA PRO RECMF-8690,CR.BR.069.TAPRO,175.3,401032,TAKA PRO r?ng B69,,55
41,RECMF-8700,TAKA PRO,Rubber Belt (V-Ribbed) TAKA PRO RECMF-8700,CR.BR.070.TAPRO,177.8,401032,TAKA PRO r?ng B70,,50
42,RECMF-8710,TAKA PRO,Rubber Belt (V-Ribbed) TAKA PRO RECMF-8710,CR.BR.071.TAPRO,180.3,401034,TAKA PRO r?ng B71,,50
43,RECMF-8720,TAKA PRO,Rubber Belt (V-Ribbed) TAKA PRO RECMF-8720,CR.BR.072.TAPRO,182.9,401034,TAKA PRO r?ng B72,,50
44,RECMF-8730,TAKA PRO,Rubber Belt (V-Ribbed) TAKA PRO RECMF-8730,CR.BR.073.TAPRO,185.4,401034,TAKA PRO r?ng B73,,50
45,RECMF-8740,TAKA PRO,Rubber Belt (V-Ribbed) TAKA PRO RECMF-8740,CR.BR.074.TAPRO,188,401034,TAKA PRO r?ng B74,,50
46,RECMF-8750,TAKA PRO,Rubber Belt (V-Ribbed) TAKA PRO RECMF-8750,CR.BR.075.TAPRO,190.5,401034,TAKA PRO r?ng B75,,50
47,RECMF-8760,TAKA PRO,Rubber Belt (V-Ribbed) TAKA PRO RECMF-8760,CR.BR.076.TAPRO,193,401034,TAKA PRO r?ng B76,,50
48,RECMF-8770,TAKA PRO,Rubber Belt (V-Ribbed) TAKA PRO RECMF-8770,CR.BR.077.TAPRO,195.6,401034,TAKA PRO r?ng B77,,50
49,RECMF-8780,TAKA PRO,Rubber Belt (V-Ribbed) TAKA PRO RECMF-8780,CR.BR.078.TAPRO,198.1,401034,TAKA PRO r?ng B78,,50
50,RECMF-8790,TAKA PRO,Rubber Belt (V-Ribbed) TAKA PRO RECMF-8790,CR.BR.079.TAPRO,200.7,401034,TAKA PRO r?ng B79,,50
51,RECMF-8800,TAKA PRO,Rubber Belt (V-Ribbed) TAKA PRO RECMF-8800,CR.BR.080.TAPRO,203.2,401034,TAKA PRO r?ng B80,,45
52,RECMF-8810,TAKA PRO,Rubber Belt (V-Ribbed) TAKA PRO RECMF-8810,CR.BR.081.TAPRO,205.7,401034,TAKA PRO r?ng B81,,45
53,RECMF-8820,TAKA PRO,Rubber Belt (V-Ribbed) TAKA PRO RECMF-8820,CR.BR.082.TAPRO,208.3,401034,TAKA PRO r?ng B82,,45
54,RECMF-8830,TAKA PRO,Rubber Belt (V-Ribbed) TAKA PRO RECMF-8830,CR.BR.083.TAPRO,210.8,401034,TAKA PRO r?ng B83,,45
55,RECMF-8840,TAKA PRO,Rubber Belt (V-Ribbed) TAKA PRO RECMF-8840,CR.BR.084.TAPRO,213.4,401034,TAKA PRO r?ng B84,,45
56,RECMF-8850,TAKA PRO,Rubber Belt (V-Ribbed) TAKA PRO RECMF-8850,CR.BR.085.TAPRO,215.9,401034,TAKA PRO r?ng B85,,45
57,RECMF-8860,TAKA PRO,Rubber Belt (V-Ribbed) TAKA PRO RECMF-8860,CR.BR.086.TAPRO,218.4,401034,TAKA PRO r?ng B86,,45
58,RECMF-8870,TAKA PRO,Rubber Belt (V-Ribbed) TAKA PRO RECMF-8870,CR.BR.087.TAPRO,221,401034,TAKA PRO r?ng B87,,45
59,RECMF-8880,TAKA PRO,Rubber Belt (V-Ribbed) TAKA PRO RECMF-8880,CR.BR.088.TAPRO,223.5,401034,TAKA PRO r?ng B88,,45
60,RECMF-8890,TAKA PRO,Rubber Belt (V-Ribbed) TAKA PRO RECMF-8890,CR.BR.089.TAPRO,226.1,401034,TAKA PRO r?ng B89,,45
61,RECMF-8900,TAKA PRO,Rubber Belt (V-Ribbed) TAKA PRO RECMF-8900,CR.BR.090.TAPRO,228.6,401034,TAKA PRO r?ng B90,,45
62,RECMF-8910,TAKA PRO,Rubber Belt (V-Ribbed) TAKA PRO RECMF-8910,CR.BR.091.TAPRO,231.1,401034,TAKA PRO r?ng B91,,40
63,RECMF-8920,TAKA PRO,Rubber Belt (V-Ribbed) TAKA PRO RECMF-8920,CR.BR.092.TAPRO,233.7,401034,TAKA PRO r?ng B92,,40
64,RECMF-8930,TAKA PRO,Rubber Belt (V-Ribbed) TAKA PRO RECMF-8930,CR.BR.093.TAPRO,236.2,401034,TAKA PRO r?ng B93,,40
65,RECMF-8940,TAKA PRO,Rubber Belt (V-Ribbed) TAKA PRO RECMF-8940,CR.BR.094.TAPRO,238.8,401034,TAKA PRO r?ng B94,,40
66,RECMF-8950,TAKA PRO,Rubber Belt (V-Ribbed) TAKA PRO RECMF-8950,CR.BR.095.TAPRO,241.3,401039,TAKA PRO r?ng B95,,30
67,RECMF-8960,TAKA PRO,Rubber Belt (V-Ribbed) TAKA PRO RECMF-8960,CR.BR.096.TAPRO,243.8,401039,TAKA PRO r?ng B96,,30
68,RECMF-8970,TAKA PRO,Rubber Belt (V-Ribbed) TAKA PRO RECMF-8970,CR.BR.097.TAPRO,246.4,401039,TAKA PRO r?ng B97,,30
69,RECMF-8980,TAKA PRO,Rubber Belt (V-Ribbed) TAKA PRO RECMF-8980,CR.BR.098.TAPRO,248.9,401039,TAKA PRO r?ng B98,,30
70,RECMF-8990,TAKA PRO,Rubber Belt (V-Ribbed) TAKA PRO RECMF-8990,CR.BR.099.TAPRO,251.5,401039,TAKA PRO r?ng B99,,30
71,RECMF-9640,TAKA PRO,Rubber Belt (V-Ribbed) TAKA PRO RECMF-9640,CR.CR.064.TAPRO,162.6,401032,TAKA PRO r?ng C64,,40
72,RECMF-9750,TAKA PRO,Rubber Belt (V-Ribbed) TAKA PRO RECMF-9750,CR.CR.075.TAPRO,190.5,401034,TAKA PRO r?ng C75,,35
73,RECMF-6200,TAKA,Rubber Belt (V-Ribbed) TAKA RECMF-6200,CR.AR.020.TA,50.8,401039,TAKA r?ng A20,,220
74,RECMF-6210,TAKA,Rubber Belt (V-Ribbed) TAKA RECMF-6210,CR.AR.021.TA,53.3,401039,TAKA r?ng A21,,220
75,RECMF-6220,TAKA,Rubber Belt (V-Ribbed) TAKA RECMF-6220,CR.AR.022.TA,55.9,401039,TAKA r?ng A22,,220
76,RECMF-6230,TAKA,Rubber Belt (V-Ribbed) TAKA RECMF-6230,CR.AR.023.TA,58.4,401039,TAKA r?ng A23,,210
77,RECMF-6240,TAKA,Rubber Belt (V-Ribbed) TAKA RECMF-6240,CR.AR.024.TA,61,401032,TAKA r?ng A24,,210
78,RECMF-6250,TAKA,Rubber Belt (V-Ribbed) TAKA RECMF-6250,CR.AR.025.TA,63.5,401032,TAKA r?ng A25,,210
79,RECMF-6260,TAKA,Rubber Belt (V-Ribbed) TAKA RECMF-6260,CR.AR.026.TA,66,401032,TAKA r?ng A26,,210
80,RECMF-6270,TAKA,Rubber Belt (V-Ribbed) TAKA RECMF-6270,CR.AR.027.TA,68.6,401032,TAKA r?ng A27,,210
81,RECMF-6280,TAKA,Rubber Belt (V-Ribbed) TAKA RECMF-6280,CR.AR.028.TA,71.1,401032,TAKA r?ng A28,,210
82,RECMF-6290,TAKA,Rubber Belt (V-Ribbed) TAKA RECMF-6290,CR.AR.029.TA,73.7,401032,TAKA r?ng A29,,180
83,RECMF-6300,TAKA,Rubber Belt (V-Ribbed) TAKA RECMF-6300,CR.AR.030.TA,76.2,401032,TAKA r?ng A30,,180
84,RECMF-6310,TAKA,Rubber Belt (V-Ribbed) TAKA RECMF-6310,CR.AR.031.TA,78.7,401032,TAKA r?ng A31,,150
85,RECMF-6320,TAKA,Rubber Belt (V-Ribbed) TAKA RECMF-6320,CR.AR.032.TA,81.3,401032,TAKA r?ng A32,,150
86,RECMF-6330,TAKA,Rubber Belt (V-Ribbed) TAKA RECMF-6330,CR.AR.033.TA,83.8,401032,TAKA r?ng A33,,150
87,RECMF-6340,TAKA,Rubber Belt (V-Ribbed) TAKA RECMF-6340,CR.AR.034.TA,86.4,401032,TAKA r?ng A34,,150
88,RECMF-6350,TAKA,Rubber Belt (V-Ribbed) TAKA RECMF-6350,CR.AR.035.TA,88.9,401032,TAKA r?ng A35,,150
89,RECMF-6360,TAKA,Rubber Belt (V-Ribbed) TAKA RECMF-6360,CR.AR.036.TA,91.4,401032,TAKA r?ng A36,,150
90,RECMF-6370,TAKA,Rubber Belt (V-Ribbed) TAKA RECMF-6370,CR.AR.037.TA,94,401032,TAKA r?ng A37,,150
91,RECMF-6380,TAKA,Rubber Belt (V-Ribbed) TAKA RECMF-6380,CR.AR.038.TA,96.5,401032,TAKA r?ng A38,,150
92,RECMF-6390,TAKA,Rubber Belt (V-Ribbed) TAKA RECMF-6390,CR.AR.039.TA,99.1,401032,TAKA r?ng A39,,150
93,RECMF-6400,TAKA,Rubber Belt (V-Ribbed) TAKA RECMF-6400,CR.AR.040.TA,101.6,401032,TAKA r?ng A40,,150
94,RECMF-6410,TAKA,Rubber Belt (V-Ribbed) TAKA RECMF-6410,CR.AR.041.TA,104.1,401032,TAKA r?ng A41,,150
95,RECMF-6420,TAKA,Rubber Belt (V-Ribbed) TAKA RECMF-6420,CR.AR.042.TA,106.7,401032,TAKA r?ng A42,,150
96,RECMF-6430,TAKA,Rubber Belt (V-Ribbed) TAKA RECMF-6430,CR.AR.043.TA,109.2,401032,TAKA r?ng A43,,150
97,RECMF-6440,TAKA,Rubber Belt (V-Ribbed) TAKA RECMF-6440,CR.AR.044.TA,111.8,401032,TAKA r?ng A44,,130
98,RECMF-6450,TAKA,Rubber Belt (V-Ribbed) TAKA RECMF-6450,CR.AR.045.TA,114.3,401032,TAKA r?ng A45,,130
99,RECMF-6460,TAKA,Rubber Belt (V-Ribbed) TAKA RECMF-6460,CR.AR.046.TA,116.8,401032,TAKA r?ng A46,,130
100,RECMF-6470,TAKA,Rubber Belt (V-Ribbed) TAKA RECMF-6470,CR.AR.047.TA,119.4,401032,TAKA r?ng A47,,100
101,RECMF-6480,TAKA,Rubber Belt (V-Ribbed) TAKA RECMF-6480,CR.AR.048.TA,121.9,401032,TAKA r?ng A48,,100
102,RECMF-6490,TAKA,Rubber Belt (V-Ribbed) TAKA RECMF-6490,CR.AR.049.TA,124.5,401032,TAKA r?ng A49,,100
103,RECMF-6500,TAKA,Rubber Belt (V-Ribbed) TAKA RECMF-6500,CR.AR.050.TA,127,401032,TAKA r?ng A50,,100
104,RECMF-6510,TAKA,Rubber Belt (V-Ribbed) TAKA RECMF-6510,CR.AR.051.TA,129.5,401032,TAKA r?ng A51,,100
105,RECMF-6520,TAKA,Rubber Belt (V-Ribbed) TAKA RECMF-6520,CR.AR.052.TA,132.1,401032,TAKA r?ng A52,,100
106,RECMF-6530,TAKA,Rubber Belt (V-Ribbed) TAKA RECMF-6530,CR.AR.053.TA,134.6,401032,TAKA r?ng A53,,100
107,RECMF-6540,TAKA,Rubber Belt (V-Ribbed) TAKA RECMF-6540,CR.AR.054.TA,137.2,401032,TAKA r?ng A54,,100
108,RECMF-6550,TAKA,Rubber Belt (V-Ribbed) TAKA RECMF-6550,CR.AR.055.TA,139.7,401032,TAKA r?ng A55,,100
109,RECMF-6560,TAKA,Rubber Belt (V-Ribbed) TAKA RECMF-6560,CR.AR.056.TA,142.2,401032,TAKA r?ng A56,,100
110,RECMF-6570,TAKA,Rubber Belt (V-Ribbed) TAKA RECMF-6570,CR.AR.057.TA,144.8,401032,TAKA r?ng A57,,100
111,RECMF-6580,TAKA,Rubber Belt (V-Ribbed) TAKA RECMF-6580,CR.AR.058.TA,147.3,401032,TAKA r?ng A58,,100
112,RECMF-6590,TAKA,Rubber Belt (V-Ribbed) TAKA RECMF-6590,CR.AR.059.TA,149.9,401032,TAKA r?ng A59,,100
113,RECMF-6600,TAKA,Rubber Belt (V-Ribbed) TAKA RECMF-6600,CR.AR.060.TA,152.4,401032,TAKA r?ng A60,,100
114,RECMF-6610,TAKA,Rubber Belt (V-Ribbed) TAKA RECMF-6610,CR.AR.061.TA,154.9,401032,TAKA r?ng A61,,100
115,RECMF-6620,TAKA,Rubber Belt (V-Ribbed) TAKA RECMF-6620,CR.AR.062.TA,157.5,401032,TAKA r?ng A62,,100
116,RECMF-6630,TAKA,Rubber Belt (V-Ribbed) TAKA RECMF-6630,CR.AR.063.TA,160,401032,TAKA r?ng A63,,100
117,RECMF-6640,TAKA,Rubber Belt (V-Ribbed) TAKA RECMF-6640,CR.AR.064.TA,162.6,401032,TAKA r?ng A64,,100
118,RECMF-6650,TAKA,Rubber Belt (V-Ribbed) TAKA RECMF-6650,CR.AR.065.TA,165.1,401032,TAKA r?ng A65,,100
119,RECMF-6660,TAKA,Rubber Belt (V-Ribbed) TAKA RECMF-6660,CR.AR.066.TA,167.6,401032,TAKA r?ng A66,,100
120,RECMF-6670,TAKA,Rubber Belt (V-Ribbed) TAKA RECMF-6670,CR.AR.067.TA,170.2,401032,TAKA r?ng A67,,100
121,RECMF-6680,TAKA,Rubber Belt (V-Ribbed) TAKA RECMF-6680,CR.AR.068.TA,172.7,401032,TAKA r?ng A68,,100
122,RECMF-6690,TAKA,Rubber Belt (V-Ribbed) TAKA RECMF-6690,CR.AR.069.TA,175.3,401032,TAKA r?ng A69,,100
123,RECMF-6700,TAKA,Rubber Belt (V-Ribbed) TAKA RECMF-6700,CR.AR.070.TA,177.8,401032,TAKA r?ng A70,,80
124,RECMF-81000,TAKA,Rubber Belt (V-Ribbed) TAKA RECMF-81000,CR.BR.100.TA,254,401039,TAKA r?ng B100,,30
125,RECMF-81010,TAKA,Rubber Belt (V-Ribbed) TAKA RECMF-81010,CR.BR.101.TA,256.5,401039,TAKA r?ng B101,,30
126,RECMF-81020,TAKA,Rubber Belt (V-Ribbed) TAKA RECMF-81020,CR.BR.102.TA,259.1,401039,TAKA r?ng B102,,30
127,RECMF-81030,TAKA,Rubber Belt (V-Ribbed) TAKA RECMF-81030,CR.BR.103.TA,261.6,401039,TAKA r?ng B103,,30
128,RECMF-81040,TAKA,Rubber Belt (V-Ribbed) TAKA RECMF-81040,CR.BR.104.TA,264.2,401039,TAKA r?ng B104,,30
129,RECMF-81050,TAKA,Rubber Belt (V-Ribbed) TAKA RECMF-81050,CR.BR.105.TA,266.7,401039,TAKA r?ng B105,,25
130,RECMF-81060,TAKA,Rubber Belt (V-Ribbed) TAKA RECMF-81060,CR.BR.106.TA,269.2,401039,TAKA r?ng B106,,25
131,RECMF-81070,TAKA,Rubber Belt (V-Ribbed) TAKA RECMF-81070,CR.BR.107.TA,271.8,401039,TAKA r?ng B107,,25
132,RECMF-81080,TAKA,Rubber Belt (V-Ribbed) TAKA RECMF-81080,CR.BR.108.TA,274.3,401039,TAKA r?ng B108,,25
133,RECMF-81090,TAKA,Rubber Belt (V-Ribbed) TAKA RECMF-81090,CR.BR.109.TA,276.9,401039,TAKA r?ng B109,,25
134,RECMF-81100,TAKA,Rubber Belt (V-Ribbed) TAKA RECMF-81100,CR.BR.110.TA,279.4,401039,TAKA r?ng B110,,25
135,RECMF-81110,TAKA,Rubber Belt (V-Ribbed) TAKA RECMF-81110,CR.BR.111.TA,281.9,401039,TAKA r?ng B111,,25
136,RECMF-81120,TAKA,Rubber Belt (V-Ribbed) TAKA RECMF-81120,CR.BR.112.TA,284.5,401039,TAKA r?ng B112,,25
137,RECMF-81130,TAKA,Rubber Belt (V-Ribbed) TAKA RECMF-81130,CR.BR.113.TA,287,401039,TAKA r?ng B113,,25
138,RECMF-81140,TAKA,Rubber Belt (V-Ribbed) TAKA RECMF-81140,CR.BR.114.TA,289.6,401039,TAKA r?ng B114,,25
139,RECMF-81150,TAKA,Rubber Belt (V-Ribbed) TAKA RECMF-81150,CR.BR.115.TA,292.1,401039,TAKA r?ng B115,,25
140,RECMF-81160,TAKA,Rubber Belt (V-Ribbed) TAKA RECMF-81160,CR.BR.116.TA,294.6,401039,TAKA r?ng B116,,25
141,RECMF-81170,TAKA,Rubber Belt (V-Ribbed) TAKA RECMF-81170,CR.BR.117.TA,297.2,401039,TAKA r?ng B117,,25
142,RECMF-81180,TAKA,Rubber Belt (V-Ribbed) TAKA RECMF-81180,CR.BR.118.TA,299.7,401039,TAKA r?ng B118,,25
143,RECMF-81190,TAKA,Rubber Belt (V-Ribbed) TAKA RECMF-81190,CR.BR.119.TA,302.3,401039,TAKA r?ng B119,,25
144,RECMF-81200,TAKA,Rubber Belt (V-Ribbed) TAKA RECMF-81200,CR.BR.120.TA,304.8,401039,TAKA r?ng B120,,25
145,RECMF-8250,TAKA,Rubber Belt (V-Ribbed) TAKA RECMF-8250,CR.BR.025.TA,63.5,401032,TAKA r?ng B25,,120
146,RECMF-8260,TAKA,Rubber Belt (V-Ribbed) TAKA RECMF-8260,CR.BR.026.TA,66,401032,TAKA r?ng B26,,120
147,RECMF-8270,TAKA,Rubber Belt (V-Ribbed) TAKA RECMF-8270,CR.BR.027.TA,68.6,401032,TAKA r?ng B27,,120
148,RECMF-8280,TAKA,Rubber Belt (V-Ribbed) TAKA RECMF-8280,CR.BR.028.TA,71.1,401032,TAKA r?ng B28,,120
149,RECMF-8290,TAKA,Rubber Belt (V-Ribbed) TAKA RECMF-8290,CR.BR.029.TA,73.7,401032,TAKA r?ng B29,,120
150,RECMF-8300,TAKA,Rubber Belt (V-Ribbed) TAKA RECMF-8300,CR.BR.030.TA,76.2,401032,TAKA r?ng B30,,100
151,RECMF-8310,TAKA,Rubber Belt (V-Ribbed) TAKA RECMF-8310,CR.BR.031.TA,78.7,401032,TAKA r?ng B31,,100
152,RECMF-8320,TAKA,Rubber Belt (V-Ribbed) TAKA RECMF-8320,CR.BR.032.TA,81.3,401032,TAKA r?ng B32,,100
153,RECMF-8330,TAKA,Rubber Belt (V-Ribbed) TAKA RECMF-8330,CR.BR.033.TA,83.8,401032,TAKA r?ng B33,,80
154,RECMF-8340,TAKA,Rubber Belt (V-Ribbed) TAKA RECMF-8340,CR.BR.034.TA,86.4,401032,TAKA r?ng B34,,80
155,RECMF-8350,TAKA,Rubber Belt (V-Ribbed) TAKA RECMF-8350,CR.BR.035.TA,88.9,401032,TAKA r?ng B35,,75
156,RECMF-8360,TAKA,Rubber Belt (V-Ribbed) TAKA RECMF-8360,CR.BR.036.TA,91.4,401032,TAKA r?ng B36,,75
157,RECMF-8370,TAKA,Rubber Belt (V-Ribbed) TAKA RECMF-8370,CR.BR.037.TA,94,401032,TAKA r?ng B37,,75
158,RECMF-8380,TAKA,Rubber Belt (V-Ribbed) TAKA RECMF-8380,CR.BR.038.TA,96.5,401032,TAKA r?ng B38,,75
159,RECMF-8390,TAKA,Rubber Belt (V-Ribbed) TAKA RECMF-8390,CR.BR.039.TA,99.1,401032,TAKA r?ng B39,,75
160,RECMF-8400,TAKA,Rubber Belt (V-Ribbed) TAKA RECMF-8400,CR.BR.040.TA,101.6,401032,TAKA r?ng B40,,75
161,RECMF-8410,TAKA,Rubber Belt (V-Ribbed) TAKA RECMF-8410,CR.BR.041.TA,104.1,401032,TAKA r?ng B41,,75
162,RECMF-8420,TAKA,Rubber Belt (V-Ribbed) TAKA RECMF-8420,CR.BR.042.TA,106.7,401032,TAKA r?ng B42,,75
163,RECMF-8430,TAKA,Rubber Belt (V-Ribbed) TAKA RECMF-8430,CR.BR.043.TA,109.2,401032,TAKA r?ng B43,,75
164,RECMF-8440,TAKA,Rubber Belt (V-Ribbed) TAKA RECMF-8440,CR.BR.044.TA,111.8,401032,TAKA r?ng B44,,75
165,RECMF-8450,TAKA,Rubber Belt (V-Ribbed) TAKA RECMF-8450,CR.BR.045.TA,114.3,401032,TAKA r?ng B45,,75
166,RECMF-8460,TAKA,Rubber Belt (V-Ribbed) TAKA RECMF-8460,CR.BR.046.TA,116.8,401032,TAKA r?ng B46,,70
167,RECMF-8470,TAKA,Rubber Belt (V-Ribbed) TAKA RECMF-8470,CR.BR.047.TA,119.4,401032,TAKA r?ng B47,,70
168,RECMF-8480,TAKA,Rubber Belt (V-Ribbed) TAKA RECMF-8480,CR.BR.048.TA,121.9,401032,TAKA r?ng B48,,70
169,RECMF-8490,TAKA,Rubber Belt (V-Ribbed) TAKA RECMF-8490,CR.BR.049.TA,124.5,401032,TAKA r?ng B49,,70
170,RECMF-8500,TAKA,Rubber Belt (V-Ribbed) TAKA RECMF-8500,CR.BR.050.TA,127,401032,TAKA r?ng B50,,70
171,RECMF-8510,TAKA,Rubber Belt (V-Ribbed) TAKA RECMF-8510,CR.BR.051.TA,129.5,401032,TAKA r?ng B51,,65
172,RECMF-8520,TAKA,Rubber Belt (V-Ribbed) TAKA RECMF-8520,CR.BR.052.TA,132.1,401032,TAKA r?ng B52,,65
173,RECMF-8530,TAKA,Rubber Belt (V-Ribbed) TAKA RECMF-8530,CR.BR.053.TA,134.6,401032,TAKA r?ng B53,,65
174,RECMF-8540,TAKA,Rubber Belt (V-Ribbed) TAKA RECMF-8540,CR.BR.054.TA,137.2,401032,TAKA r?ng B54,,65
175,RECMF-8550,TAKA,Rubber Belt (V-Ribbed) TAKA RECMF-8550,CR.BR.055.TA,139.7,401032,TAKA r?ng B55,,65
176,RECMF-8560,TAKA,Rubber Belt (V-Ribbed) TAKA RECMF-8560,CR.BR.056.TA,142.2,401032,TAKA r?ng B56,,60
177,RECMF-8570,TAKA,Rubber Belt (V-Ribbed) TAKA RECMF-8570,CR.BR.057.TA,144.8,401032,TAKA r?ng B57,,60
178,RECMF-8580,TAKA,Rubber Belt (V-Ribbed) TAKA RECMF-8580,CR.BR.058.TA,147.3,401032,TAKA r?ng B58,,60
179,RECMF-8590,TAKA,Rubber Belt (V-Ribbed) TAKA RECMF-8590,CR.BR.059.TA,149.9,401032,TAKA r?ng B59,,60
180,RECMF-8600,TAKA,Rubber Belt (V-Ribbed) TAKA RECMF-8600,CR.BR.060.TA,152.4,401032,TAKA r?ng B60,,55
181,RECMF-8610,TAKA,Rubber Belt (V-Ribbed) TAKA RECMF-8610,CR.BR.061.TA,154.9,401032,TAKA r?ng B61,,55
182,RECMF-8620,TAKA,Rubber Belt (V-Ribbed) TAKA RECMF-8620,CR.BR.062.TA,157.5,401032,TAKA r?ng B62,,55
183,RECMF-8630,TAKA,Rubber Belt (V-Ribbed) TAKA RECMF-8630,CR.BR.063.TA,160,401032,TAKA r?ng B63,,55
184,RECMF-8640,TAKA,Rubber Belt (V-Ribbed) TAKA RECMF-8640,CR.BR.064.TA,162.6,401032,TAKA r?ng B64,,55
185,RECMF-8650,TAKA,Rubber Belt (V-Ribbed) TAKA RECMF-8650,CR.BR.065.TA,165.1,401032,TAKA r?ng B65,,55
186,RECMF-8660,TAKA,Rubber Belt (V-Ribbed) TAKA RECMF-8660,CR.BR.066.TA,167.6,401032,TAKA r?ng B66,,55
187,RECMF-8670,TAKA,Rubber Belt (V-Ribbed) TAKA RECMF-8670,CR.BR.067.TA,170.2,401032,TAKA r?ng B67,,55
188,RECMF-8680,TAKA,Rubber Belt (V-Ribbed) TAKA RECMF-8680,CR.BR.068.TA,172.7,401032,TAKA r?ng B68,,55
189,RECMF-8690,TAKA,Rubber Belt (V-Ribbed) TAKA RECMF-8690,CR.BR.069.TA,175.3,401032,TAKA r?ng B69,,55
190,RECMF-8700,TAKA,Rubber Belt (V-Ribbed) TAKA RECMF-8700,CR.BR.070.TA,177.8,401032,TAKA r?ng B70,,50
191,RECMF-8710,TAKA,Rubber Belt (V-Ribbed) TAKA RECMF-8710,CR.BR.071.TA,180.3,401034,TAKA r?ng B71,,50
192,RECMF-8720,TAKA,Rubber Belt (V-Ribbed) TAKA RECMF-8720,CR.BR.072.TA,182.9,401034,TAKA r?ng B72,,50
193,RECMF-8730,TAKA,Rubber Belt (V-Ribbed) TAKA RECMF-8730,CR.BR.073.TA,185.4,401034,TAKA r?ng B73,,50
194,RECMF-8740,TAKA,Rubber Belt (V-Ribbed) TAKA RECMF-8740,CR.BR.074.TA,188,401034,TAKA r?ng B74,,50
195,RECMF-8750,TAKA,Rubber Belt (V-Ribbed) TAKA RECMF-8750,CR.BR.075.TA,190.5,401034,TAKA r?ng B75,,50
196,RECMF-8760,TAKA,Rubber Belt (V-Ribbed) TAKA RECMF-8760,CR.BR.076.TA,193,401034,TAKA r?ng B76,,50
197,RECMF-8770,TAKA,Rubber Belt (V-Ribbed) TAKA RECMF-8770,CR.BR.077.TA,195.6,401034,TAKA r?ng B77,,50
198,RECMF-8780,TAKA,Rubber Belt (V-Ribbed) TAKA RECMF-8780,CR.BR.078.TA,198.1,401034,TAKA r?ng B78,,50
199,RECMF-8790,TAKA,Rubber Belt (V-Ribbed) TAKA RECMF-8790,CR.BR.079.TA,200.7,401034,TAKA r?ng B79,,50
200,RECMF-8800,TAKA,Rubber Belt (V-Ribbed) TAKA RECMF-8800,CR.BR.080.TA,203.2,401034,TAKA r?ng B80,,45
201,RECMF-8810,TAKA,Rubber Belt (V-Ribbed) TAKA RECMF-8810,CR.BR.081.TA,205.7,401034,TAKA r?ng B81,,45
202,RECMF-8820,TAKA,Rubber Belt (V-Ribbed) TAKA RECMF-8820,CR.BR.082.TA,208.3,401034,TAKA r?ng B82,,45
203,RECMF-8830,TAKA,Rubber Belt (V-Ribbed) TAKA RECMF-8830,CR.BR.083.TA,210.8,401034,TAKA r?ng B83,,45
204,RECMF-8840,TAKA,Rubber Belt (V-Ribbed) TAKA RECMF-8840,CR.BR.084.TA,213.4,401034,TAKA r?ng B84,,45
205,RECMF-8850,TAKA,Rubber Belt (V-Ribbed) TAKA RECMF-8850,CR.BR.085.TA,215.9,401034,TAKA r?ng B85,,45
206,RECMF-8860,TAKA,Rubber Belt (V-Ribbed) TAKA RECMF-8860,CR.BR.086.TA,218.4,401034,TAKA r?ng B86,,45
207,RECMF-8870,TAKA,Rubber Belt (V-Ribbed) TAKA RECMF-8870,CR.BR.087.TA,221,401034,TAKA r?ng B87,,45
208,RECMF-8880,TAKA,Rubber Belt (V-Ribbed) TAKA RECMF-8880,CR.BR.088.TA,223.5,401034,TAKA r?ng B88,,45
209,RECMF-8890,TAKA,Rubber Belt (V-Ribbed) TAKA RECMF-8890,CR.BR.089.TA,226.1,401034,TAKA r?ng B89,,45
210,RECMF-8900,TAKA,Rubber Belt (V-Ribbed) TAKA RECMF-8900,CR.BR.090.TA,228.6,401034,TAKA r?ng B90,,45
211,RECMF-8910,TAKA,Rubber Belt (V-Ribbed) TAKA RECMF-8910,CR.BR.091.TA,231.1,401034,TAKA r?ng B91,,40
212,RECMF-8920,TAKA,Rubber Belt (V-Ribbed) TAKA RECMF-8920,CR.BR.092.TA,233.7,401034,TAKA r?ng B92,,40
213,RECMF-8930,TAKA,Rubber Belt (V-Ribbed) TAKA RECMF-8930,CR.BR.093.TA,236.2,401034,TAKA r?ng B93,,40
214,RECMF-8940,TAKA,Rubber Belt (V-Ribbed) TAKA RECMF-8940,CR.BR.094.TA,238.8,401034,TAKA r?ng B94,,40
215,RECMF-8950,TAKA,Rubber Belt (V-Ribbed) TAKA RECMF-8950,CR.BR.095.TA,241.3,401039,TAKA r?ng B95,,30
216,RECMF-8960,TAKA,Rubber Belt (V-Ribbed) TAKA RECMF-8960,CR.BR.096.TA,243.8,401039,TAKA r?ng B96,,30
217,RECMF-8970,TAKA,Rubber Belt (V-Ribbed) TAKA RECMF-8970,CR.BR.097.TA,246.4,401039,TAKA r?ng B97,,30
218,RECMF-8980,TAKA,Rubber Belt (V-Ribbed) TAKA RECMF-8980,CR.BR.098.TA,248.9,401039,TAKA r?ng B98,,30
219,RECMF-8990,TAKA,Rubber Belt (V-Ribbed) TAKA RECMF-8990,CR.BR.099.TA,251.5,401039,TAKA r?ng B99,,30
220,RECMF-1250,TAKA,Rubber Belt (V-Ribbed) TAKA RECMF-1250,CR.FMR.025.TA,63.5,401032,TAKA r?ng FM25,,220
221,RECMF-1260,TAKA,Rubber Belt (V-Ribbed) TAKA RECMF-1260,CR.FMR.026.TA,66,401032,TAKA r?ng FM26,,220
222,RECMF-1270,TAKA,Rubber Belt (V-Ribbed) TAKA RECMF-1270,CR.FMR.027.TA,68.6,401032,TAKA r?ng FM27,,220
223,RECMF-1280,TAKA,Rubber Belt (V-Ribbed) TAKA RECMF-1280,CR.FMR.028.TA,71.1,401032,TAKA r?ng FM28,,220
224,RECMF-1290,TAKA,Rubber Belt (V-Ribbed) TAKA RECMF-1290,CR.FMR.029.TA,73.7,401032,TAKA r?ng FM29,,220
225,RECMF-1300,TAKA,Rubber Belt (V-Ribbed) TAKA RECMF-1300,CR.FMR.030.TA,76.2,401032,TAKA r?ng FM30,,220
226,RECMF-1310,TAKA,Rubber Belt (V-Ribbed) TAKA RECMF-1310,CR.FMR.031.TA,78.7,401032,TAKA r?ng FM31,,220
227,RECMF-1320,TAKA,Rubber Belt (V-Ribbed) TAKA RECMF-1320,CR.FMR.032.TA,81.3,401032,TAKA r?ng FM32,,220
228,RECMF-1330,TAKA,Rubber Belt (V-Ribbed) TAKA RECMF-1330,CR.FMR.033.TA,83.8,401032,TAKA r?ng FM33,,220
229,RECMF-1340,TAKA,Rubber Belt (V-Ribbed) TAKA RECMF-1340,CR.FMR.034.TA,86.4,401032,TAKA r?ng FM34,,220
230,RECMF-1350,TAKA,Rubber Belt (V-Ribbed) TAKA RECMF-1350,CR.FMR.035.TA,88.9,401032,TAKA r?ng FM35,,200
231,RECMF-1360,TAKA,Rubber Belt (V-Ribbed) TAKA RECMF-1360,CR.FMR.036.TA,91.4,401032,TAKA r?ng FM36,,200
232,RECMF-1370,TAKA,Rubber Belt (V-Ribbed) TAKA RECMF-1370,CR.FMR.037.TA,94,401032,TAKA r?ng FM37,,200
233,RECMF-1380,TAKA,Rubber Belt (V-Ribbed) TAKA RECMF-1380,CR.FMR.038.TA,96.5,401032,TAKA r?ng FM38,,200
234,RECMF-1390,TAKA,Rubber Belt (V-Ribbed) TAKA RECMF-1390,CR.FMR.039.TA,99.1,401032,TAKA r?ng FM39,,200
235,RECMF-1400,TAKA,Rubber Belt (V-Ribbed) TAKA RECMF-1400,CR.FMR.040.TA,101.6,401032,TAKA r?ng FM40,,200
236,RECMF-1410,TAKA,Rubber Belt (V-Ribbed) TAKA RECMF-1410,CR.FMR.041.TA,104.1,401032,TAKA r?ng FM41,,200
237,RECMF-1420,TAKA,Rubber Belt (V-Ribbed) TAKA RECMF-1420,CR.FMR.042.TA,106.7,401032,TAKA r?ng FM42,,200
238,RECMF-1430,TAKA,Rubber Belt (V-Ribbed) TAKA RECMF-1430,CR.FMR.043.TA,109.2,401032,TAKA r?ng FM43,,200
239,RECMF-1440,TAKA,Rubber Belt (V-Ribbed) TAKA RECMF-1440,CR.FMR.044.TA,111.8,401032,TAKA r?ng FM44,,200
240,RECMF-1450,TAKA,Rubber Belt (V-Ribbed) TAKA RECMF-1450,CR.FMR.045.TA,114.3,401032,TAKA r?ng FM45,,200
241,RECMF-1460,TAKA,Rubber Belt (V-Ribbed) TAKA RECMF-1460,CR.FMR.046.TA,116.8,401032,TAKA r?ng FM46,,200
242,RECMF-1470,TAKA,Rubber Belt (V-Ribbed) TAKA RECMF-1470,CR.FMR.047.TA,119.4,401032,TAKA r?ng FM47,,200
243,RECMF-1480,TAKA,Rubber Belt (V-Ribbed) TAKA RECMF-1480,CR.FMR.048.TA,121.9,401032,TAKA r?ng FM48,,200
244,RECMF-1490,TAKA,Rubber Belt (V-Ribbed) TAKA RECMF-1490,CR.FMR.049.TA,124.5,401032,TAKA r?ng FM49,,200
245,RECMF-1500,TAKA,Rubber Belt (V-Ribbed) TAKA RECMF-1500,CR.FMR.050.TA,127,401032,TAKA r?ng FM50,,180
246,RECMF-1510,TAKA,Rubber Belt (V-Ribbed) TAKA RECMF-1510,CR.FMR.051.TA,129.5,401032,TAKA r?ng FM51,,180
247,RECMF-1520,TAKA,Rubber Belt (V-Ribbed) TAKA RECMF-1520,CR.FMR.052.TA,132.1,401032,TAKA r?ng FM52,,180
248,RECMF-1530,TAKA,Rubber Belt (V-Ribbed) TAKA RECMF-1530,CR.FMR.053.TA,134.6,401032,TAKA r?ng FM53,,180
249,RECMF-1540,TAKA,Rubber Belt (V-Ribbed) TAKA RECMF-1540,CR.FMR.054.TA,137.2,401032,TAKA r?ng FM54,,180
250,RECMF-1550,TAKA,Rubber Belt (V-Ribbed) TAKA RECMF-1550,CR.FMR.055.TA,139.7,401032,TAKA r?ng FM55,,180
251,RECMF-1560,TAKA,Rubber Belt (V-Ribbed) TAKA RECMF-1560,CR.FMR.056.TA,142.2,401032,TAKA r?ng FM56,,160
252,RECMF-1570,TAKA,Rubber Belt (V-Ribbed) TAKA RECMF-1570,CR.FMR.057.TA,144.8,401032,TAKA r?ng FM57,,160
253,RECMF-1580,TAKA,Rubber Belt (V-Ribbed) TAKA RECMF-1580,CR.FMR.058.TA,147.3,401032,TAKA r?ng FM58,,160
254,RECMF-1590,TAKA,Rubber Belt (V-Ribbed) TAKA RECMF-1590,CR.FMR.059.TA,149.9,401032,TAKA r?ng FM59,,160
255,RECMF-1600,TAKA,Rubber Belt (V-Ribbed) TAKA RECMF-1600,CR.FMR.060.TA,152.4,401032,TAKA r?ng FM60,,160
256,A20,TAKA,Rubber V Belt TAKA A20,CR.AT.020.TA,50.8,401039,TAKA tr?n A20,,300
257,A21,TAKA,Rubber V Belt TAKA A21,CR.AT.021.TA,53.3,401039,TAKA tr?n A21,,300
258,A22,TAKA,Rubber V Belt TAKA A22,CR.AT.022.TA,55.9,401039,TAKA tr?n A22,,300
259,A23,TAKA,Rubber V Belt TAKA A23,CR.AT.023.TA,58.4,401039,TAKA tr?n A23,,300
260,A24,TAKA,Rubber V Belt TAKA A24,CR.AT.024.TA,61,401032,TAKA tr?n A24,,300
261,A25,TAKA,Rubber V Belt TAKA A25,CR.AT.025.TA,63.5,401032,TAKA tr?n A25,,300
262,A26,TAKA,Rubber V Belt TAKA A26,CR.AT.026.TA,66,401032,TAKA tr?n A26,,220
263,A27,TAKA,Rubber V Belt TAKA A27,CR.AT.027.TA,68.6,401032,TAKA tr?n A27,,220
264,A28,TAKA,Rubber V Belt TAKA A28,CR.AT.028.TA,71.1,401032,TAKA tr?n A28,,220
265,A29,TAKA,Rubber V Belt TAKA A29,CR.AT.029.TA,73.7,401032,TAKA tr?n A29,,220
266,A30,TAKA,Rubber V Belt TAKA A30,CR.AT.030.TA,76.2,401032,TAKA tr?n A30,,220
267,A31,TAKA,Rubber V Belt TAKA A31,CR.AT.031.TA,78.7,401032,TAKA tr?n A31,,220
268,A32,TAKA,Rubber V Belt TAKA A32,CR.AT.032.TA,81.3,401032,TAKA tr?n A32,,220
269,A33,TAKA,Rubber V Belt TAKA A33,CR.AT.033.TA,83.8,401032,TAKA tr?n A33,,220
270,A34,TAKA,Rubber V Belt TAKA A34,CR.AT.034.TA,86.4,401032,TAKA tr?n A34,,220
271,A35,TAKA,Rubber V Belt TAKA A35,CR.AT.035.TA,88.9,401032,TAKA tr?n A35,,200
272,A36,TAKA,Rubber V Belt TAKA A36,CR.AT.036.TA,91.4,401032,TAKA tr?n A36,,200
273,A37,TAKA,Rubber V Belt TAKA A37,CR.AT.037.TA,94,401032,TAKA tr?n A37,,200
274,A38,TAKA,Rubber V Belt TAKA A38,CR.AT.038.TA,96.5,401032,TAKA tr?n A38,,200
275,A39,TAKA,Rubber V Belt TAKA A39,CR.AT.039.TA,99.1,401032,TAKA tr?n A39,,200
276,A40,TAKA,Rubber V Belt TAKA A40,CR.AT.040.TA,101.6,401032,TAKA tr?n A40,,200
277,A41,TAKA,Rubber V Belt TAKA A41,CR.AT.041.TA,104.1,401032,TAKA tr?n A41,,200
278,A42,TAKA,Rubber V Belt TAKA A42,CR.AT.042.TA,106.7,401032,TAKA tr?n A42,,200
279,A43,TAKA,Rubber V Belt TAKA A43,CR.AT.043.TA,109.2,401032,TAKA tr?n A43,,200
280,A44,TAKA,Rubber V Belt TAKA A44,CR.AT.044.TA,111.8,401032,TAKA tr?n A44,,180
281,A45,TAKA,Rubber V Belt TAKA A45,CR.AT.045.TA,114.3,401032,TAKA tr?n A45,,180
282,A46,TAKA,Rubber V Belt TAKA A46,CR.AT.046.TA,116.8,401032,TAKA tr?n A46,,180
283,A47,TAKA,Rubber V Belt TAKA A47,CR.AT.047.TA,119.4,401032,TAKA tr?n A47,,180
284,A48,TAKA,Rubber V Belt TAKA A48,CR.AT.048.TA,121.9,401032,TAKA tr?n A48,,180
285,A49,TAKA,Rubber V Belt TAKA A49,CR.AT.049.TA,124.5,401032,TAKA tr?n A49,,180
286,A50,TAKA,Rubber V Belt TAKA A50,CR.AT.050.TA,127,401032,TAKA tr?n A50,,170
287,A51,TAKA,Rubber V Belt TAKA A51,CR.AT.051.TA,129.5,401032,TAKA tr?n A51,,170
288,A52,TAKA,Rubber V Belt TAKA A52,CR.AT.052.TA,132.1,401032,TAKA tr?n A52,,170
289,A53,TAKA,Rubber V Belt TAKA A53,CR.AT.053.TA,134.6,401032,TAKA tr?n A53,,170
290,A54,TAKA,Rubber V Belt TAKA A54,CR.AT.054.TA,137.2,401032,TAKA tr?n A54,,170
291,A55,TAKA,Rubber V Belt TAKA A55,CR.AT.055.TA,139.7,401032,TAKA tr?n A55,,130
292,A56,TAKA,Rubber V Belt TAKA A56,CR.AT.056.TA,142.2,401032,TAKA tr?n A56,,130
293,A57,TAKA,Rubber V Belt TAKA A57,CR.AT.057.TA,144.8,401032,TAKA tr?n A57,,130
294,A58,TAKA,Rubber V Belt TAKA A58,CR.AT.058.TA,147.3,401032,TAKA tr?n A58,,130
295,A59,TAKA,Rubber V Belt TAKA A59,CR.AT.059.TA,149.9,401032,TAKA tr?n A59,,130
296,A60,TAKA,Rubber V Belt TAKA A60,CR.AT.060.TA,152.4,401032,TAKA tr?n A60,,130
297,A61,TAKA,Rubber V Belt TAKA A61,CR.AT.061.TA,154.9,401032,TAKA tr?n A61,,130
298,A62,TAKA,Rubber V Belt TAKA A62,CR.AT.062.TA,157.5,401032,TAKA tr?n A62,,130
299,A63,TAKA,Rubber V Belt TAKA A63,CR.AT.063.TA,160,401032,TAKA tr?n A63,,130
300,A64,TAKA,Rubber V Belt TAKA A64,CR.AT.064.TA,162.6,401032,TAKA tr?n A64,,130
301,A65,TAKA,Rubber V Belt TAKA A65,CR.AT.065.TA,165.1,401032,TAKA tr?n A65,,130
302,A66,TAKA,Rubber V Belt TAKA A66,CR.AT.066.TA,167.6,401032,TAKA tr?n A66,,130
303,A67,TAKA,Rubber V Belt TAKA A67,CR.AT.067.TA,170.2,401032,TAKA tr?n A67,,130
304,A68,TAKA,Rubber V Belt TAKA A68,CR.AT.068.TA,172.7,401032,TAKA tr?n A68,,130
305,A69,TAKA,Rubber V Belt TAKA A69,CR.AT.069.TA,175.3,401032,TAKA tr?n A69,,110
306,A70,TAKA,Rubber V Belt TAKA A70,CR.AT.070.TA,177.8,401032,TAKA tr?n A70,,110
307,A71,TAKA,Rubber V Belt TAKA A71,CR.AT.071.TA,180.3,401034,TAKA tr?n A71,,110
308,A72,TAKA,Rubber V Belt TAKA A72,CR.AT.072.TA,182.9,401034,TAKA tr?n A72,,110
309,A73,TAKA,Rubber V Belt TAKA A73,CR.AT.073.TA,185.4,401034,TAKA tr?n A73,,110
310,A74,TAKA,Rubber V Belt TAKA A74,CR.AT.074.TA,188,401034,TAKA tr?n A74,,110
311,A75,TAKA,Rubber V Belt TAKA A75,CR.AT.075.TA,190.5,401034,TAKA tr?n A75,,110
312,A76,TAKA,Rubber V Belt TAKA A76,CR.AT.076.TA,193,401034,TAKA tr?n A76,,110
313,A77,TAKA,Rubber V Belt TAKA A77,CR.AT.077.TA,195.6,401034,TAKA tr?n A77,,110
314,A78,TAKA,Rubber V Belt TAKA A78,CR.AT.078.TA,198.1,401034,TAKA tr?n A78,,100
315,A79,TAKA,Rubber V Belt TAKA A79,CR.AT.079.TA,200.7,401034,TAKA tr?n A79,,100
316,A80,TAKA,Rubber V Belt TAKA A80,CR.AT.080.TA,203.2,401034,TAKA tr?n A80,,100
317,A81,TAKA,Rubber V Belt TAKA A81,CR.AT.081.TA,205.7,401034,TAKA tr?n A81,,100
318,A82,TAKA,Rubber V Belt TAKA A82,CR.AT.082.TA,208.3,401034,TAKA tr?n A82,,100
319,A83,TAKA,Rubber V Belt TAKA A83,CR.AT.083.TA,210.8,401034,TAKA tr?n A83,,100
320,A84,TAKA,Rubber V Belt TAKA A84,CR.AT.084.TA,213.4,401034,TAKA tr?n A84,,100
321,A85,TAKA,Rubber V Belt TAKA A85,CR.AT.085.TA,215.9,401034,TAKA tr?n A85,,100
322,A86,TAKA,Rubber V Belt TAKA A86,CR.AT.086.TA,218.4,401034,TAKA tr?n A86,,100
323,A87,TAKA,Rubber V Belt TAKA A87,CR.AT.087.TA,221,401034,TAKA tr?n A87,,100
324,A88,TAKA,Rubber V Belt TAKA A88,CR.AT.088.TA,223.5,401034,TAKA tr?n A88,,100
325,A89,TAKA,Rubber V Belt TAKA A89,CR.AT.089.TA,226.1,401034,TAKA tr?n A89,,100
326,A90,TAKA,Rubber V Belt TAKA A90,CR.AT.090.TA,228.6,401034,TAKA tr?n A90,,90
327,A91,TAKA,Rubber V Belt TAKA A91,CR.AT.091.TA,231.1,401034,TAKA tr?n A91,,90
328,A92,TAKA,Rubber V Belt TAKA A92,CR.AT.092.TA,233.7,401034,TAKA tr?n A92,,90
329,A93,TAKA,Rubber V Belt TAKA A93,CR.AT.093.TA,236.2,401034,TAKA tr?n A93,,90
330,A94,TAKA,Rubber V Belt TAKA A94,CR.AT.094.TA,238.8,401034,TAKA tr?n A94,,90
331,A95,TAKA,Rubber V Belt TAKA A95,CR.AT.095.TA,241.3,401039,TAKA tr?n A95,,90
332,A96,TAKA,Rubber V Belt TAKA A96,CR.AT.096.TA,243.8,401039,TAKA tr?n A96,,90
333,A97,TAKA,Rubber V Belt TAKA A97,CR.AT.097.TA,246.4,401039,TAKA tr?n A97,,90
334,A98,TAKA,Rubber V Belt TAKA A98,CR.AT.098.TA,248.9,401039,TAKA tr?n A98,,90
335,A99,TAKA,Rubber V Belt TAKA A99,CR.AT.099.TA,251.5,401039,TAKA tr?n A99,,90
336,B100,TAKA,Rubber V Belt TAKA B100,CR.BT.100.TA,254,401039,TAKA tr?n B100,,40
337,B101,TAKA,Rubber V Belt TAKA B101,CR.BT.101.TA,256.5,401039,TAKA tr?n B101,,40
338,B102,TAKA,Rubber V Belt TAKA B102,CR.BT.102.TA,259.1,401039,TAKA tr?n B102,,40
339,B103,TAKA,Rubber V Belt TAKA B103,CR.BT.103.TA,261.6,401039,TAKA tr?n B103,,40
340,B104,TAKA,Rubber V Belt TAKA B104,CR.BT.104.TA,264.2,401039,TAKA tr?n B104,,40
341,B105,TAKA,Rubber V Belt TAKA B105,CR.BT.105.TA,266.7,401039,TAKA tr?n B105,,40
342,B106,TAKA,Rubber V Belt TAKA B106,CR.BT.106.TA,269.2,401039,TAKA tr?n B106,,40
343,B107,TAKA,Rubber V Belt TAKA B107,CR.BT.107.TA,271.8,401039,TAKA tr?n B107,,40
344,B108,TAKA,Rubber V Belt TAKA B108,CR.BT.108.TA,274.3,401039,TAKA tr?n B108,,40
345,B109,TAKA,Rubber V Belt TAKA B109,CR.BT.109.TA,276.9,401039,TAKA tr?n B109,,40
346,B110,TAKA,Rubber V Belt TAKA B110,CR.BT.110.TA,279.4,401039,TAKA tr?n B110,,40
347,B111,TAKA,Rubber V Belt TAKA B111,CR.BT.111.TA,281.9,401039,TAKA tr?n B111,,40
348,B112,TAKA,Rubber V Belt TAKA B112,CR.BT.112.TA,284.5,401039,TAKA tr?n B112,,40
349,B113,TAKA,Rubber V Belt TAKA B113,CR.BT.113.TA,287,401039,TAKA tr?n B113,,40
350,B114,TAKA,Rubber V Belt TAKA B114,CR.BT.114.TA,289.6,401039,TAKA tr?n B114,,40
351,B115,TAKA,Rubber V Belt TAKA B115,CR.BT.115.TA,292.1,401039,TAKA tr?n B115,,40
352,B116,TAKA,Rubber V Belt TAKA B116,CR.BT.116.TA,294.6,401039,TAKA tr?n B116,,40
353,B117,TAKA,Rubber V Belt TAKA B117,CR.BT.117.TA,297.2,401039,TAKA tr?n B117,,40
354,B118,TAKA,Rubber V Belt TAKA B118,CR.BT.118.TA,299.7,401039,TAKA tr?n B118,,40
355,B119,TAKA,Rubber V Belt TAKA B119,CR.BT.119.TA,302.3,401039,TAKA tr?n B119,,40
356,B120,TAKA,Rubber V Belt TAKA B120,CR.BT.120.TA,304.8,401039,TAKA tr?n B120,,40
357,B121,TAKA,Rubber V Belt TAKA B121,CR.BT.121.TA,307.3,401039,TAKA tr?n B121,,40
358,B122,TAKA,Rubber V Belt TAKA B122,CR.BT.122.TA,309.9,401039,TAKA tr?n B122,,40
359,B123,TAKA,Rubber V Belt TAKA B123,CR.BT.123.TA,312.4,401039,TAKA tr?n B123,,40
360,B124,TAKA,Rubber V Belt TAKA B124,CR.BT.124.TA,315,401039,TAKA tr?n B124,,40
361,B125,TAKA,Rubber V Belt TAKA B125,CR.BT.125.TA,317.5,401039,TAKA tr?n B125,,40
362,B126,TAKA,Rubber V Belt TAKA B126,CR.BT.126.TA,320,401039,TAKA tr?n B126,,40
363,B127,TAKA,Rubber V Belt TAKA B127,CR.BT.127.TA,322.6,401039,TAKA tr?n B127,,40
364,B128,TAKA,Rubber V Belt TAKA B128,CR.BT.128.TA,325.1,401039,TAKA tr?n B128,,40
365,B129,TAKA,Rubber V Belt TAKA B129,CR.BT.129.TA,327.7,401039,TAKA tr?n B129,,40
366,B130,TAKA,Rubber V Belt TAKA B130,CR.BT.130.TA,330.2,401039,TAKA tr?n B130,,40
367,B131,TAKA,Rubber V Belt TAKA B131,CR.BT.131.TA,332.7,401039,TAKA tr?n B131,,35
368,B132,TAKA,Rubber V Belt TAKA B132,CR.BT.132.TA,335.3,401039,TAKA tr?n B132,,35
369,B133,TAKA,Rubber V Belt TAKA B133,CR.BT.133.TA,337.8,401039,TAKA tr?n B133,,35
370,B134,TAKA,Rubber V Belt TAKA B134,CR.BT.134.TA,340.4,401039,TAKA tr?n B134,,35
371,B135,TAKA,Rubber V Belt TAKA B135,CR.BT.135.TA,342.9,401039,TAKA tr?n B135,,35
372,B136,TAKA,Rubber V Belt TAKA B136,CR.BT.136.TA,345.4,401039,TAKA tr?n B136,,35
373,B137,TAKA,Rubber V Belt TAKA B137,CR.BT.137.TA,348,401039,TAKA tr?n B137,,35
374,B138,TAKA,Rubber V Belt TAKA B138,CR.BT.138.TA,350.5,401039,TAKA tr?n B138,,35
375,B139,TAKA,Rubber V Belt TAKA B139,CR.BT.139.TA,353.1,401039,TAKA tr?n B139,,35
376,B140,TAKA,Rubber V Belt TAKA B140,CR.BT.140.TA,355.6,401039,TAKA tr?n B140,,35
377,B141,TAKA,Rubber V Belt TAKA B141,CR.BT.141.TA,358.1,401039,TAKA tr?n B141,,35
378,B142,TAKA,Rubber V Belt TAKA B142,CR.BT.142.TA,360.7,401039,TAKA tr?n B142,,30
379,B143,TAKA,Rubber V Belt TAKA B143,CR.BT.143.TA,363.2,401039,TAKA tr?n B143,,30
380,B144,TAKA,Rubber V Belt TAKA B144,CR.BT.144.TA,365.8,401039,TAKA tr?n B144,,30
381,B145,TAKA,Rubber V Belt TAKA B145,CR.BT.145.TA,368.3,401039,TAKA tr?n B145,,30
382,B146,TAKA,Rubber V Belt TAKA B146,CR.BT.146.TA,370.8,401039,TAKA tr?n B146,,30
383,B147,TAKA,Rubber V Belt TAKA B147,CR.BT.147.TA,373.4,401039,TAKA tr?n B147,,30
384,B148,TAKA,Rubber V Belt TAKA B148,CR.BT.148.TA,375.9,401039,TAKA tr?n B148,,30
385,B149,TAKA,Rubber V Belt TAKA B149,CR.BT.149.TA,378.5,401039,TAKA tr?n B149,,30
386,B150,TAKA,Rubber V Belt TAKA B150,CR.BT.150.TA,381,401039,TAKA tr?n B150,,30
387,B151,TAKA,Rubber V Belt TAKA B151,CR.BT.151.TA,383.5,401039,TAKA tr?n B151,,30
388,B152,TAKA,Rubber V Belt TAKA B152,CR.BT.152.TA,386.1,401039,TAKA tr?n B152,,30
389,B153,TAKA,Rubber V Belt TAKA B153,CR.BT.153.TA,388.6,401039,TAKA tr?n B153,,30
390,B154,TAKA,Rubber V Belt TAKA B154,CR.BT.154.TA,391.2,401039,TAKA tr?n B154,,30
391,B155,TAKA,Rubber V Belt TAKA B155,CR.BT.155.TA,393.7,401039,TAKA tr?n B155,,30
392,B156,TAKA,Rubber V Belt TAKA B156,CR.BT.156.TA,396.2,401039,TAKA tr?n B156,,30
393,B157,TAKA,Rubber V Belt TAKA B157,CR.BT.157.TA,398.8,401039,TAKA tr?n B157,,30
394,B158,TAKA,Rubber V Belt TAKA B158,CR.BT.158.TA,401.3,401039,TAKA tr?n B158,,30
395,B159,TAKA,Rubber V Belt TAKA B159,CR.BT.159.TA,403.9,401039,TAKA tr?n B159,,30
396,B160,TAKA,Rubber V Belt TAKA B160,CR.BT.160.TA,406.4,401039,TAKA tr?n B160,,30
397,B161,TAKA,Rubber V Belt TAKA B161,CR.BT.161.TA,408.9,401039,TAKA tr?n B161,,30
398,B162,TAKA,Rubber V Belt TAKA B162,CR.BT.162.TA,411.5,401039,TAKA tr?n B162,,30
399,B163,TAKA,Rubber V Belt TAKA B163,CR.BT.163.TA,414,401039,TAKA tr?n B163,,30
400,B164,TAKA,Rubber V Belt TAKA B164,CR.BT.164.TA,416.6,401039,TAKA tr?n B164,,30
401,B165,TAKA,Rubber V Belt TAKA B165,CR.BT.165.TA,419.1,401039,TAKA tr?n B165,,30
402,B166,TAKA,Rubber V Belt TAKA B166,CR.BT.166.TA,421.6,401039,TAKA tr?n B166,,30
403,B167,TAKA,Rubber V Belt TAKA B167,CR.BT.167.TA,424.2,401039,TAKA tr?n B167,,30
404,B168,TAKA,Rubber V Belt TAKA B168,CR.BT.168.TA,426.7,401039,TAKA tr?n B168,,30
405,B169,TAKA,Rubber V Belt TAKA B169,CR.BT.169.TA,429.3,401039,TAKA tr?n B169,,30
406,B170,TAKA,Rubber V Belt TAKA B170,CR.BT.170.TA,431.8,401039,TAKA tr?n B170,,25
407,B171,TAKA,Rubber V Belt TAKA B171,CR.BT.171.TA,434.3,401039,TAKA tr?n B171,,25
408,B172,TAKA,Rubber V Belt TAKA B172,CR.BT.172.TA,436.9,401039,TAKA tr?n B172,,25
409,B173,TAKA,Rubber V Belt TAKA B173,CR.BT.173.TA,439.4,401039,TAKA tr?n B173,,25
410,B174,TAKA,Rubber V Belt TAKA B174,CR.BT.174.TA,442,401039,TAKA tr?n B174,,25
411,B175,TAKA,Rubber V Belt TAKA B175,CR.BT.175.TA,444.5,401039,TAKA tr?n B175,,25
412,B176,TAKA,Rubber V Belt TAKA B176,CR.BT.176.TA,447,401039,TAKA tr?n B176,,25
413,B177,TAKA,Rubber V Belt TAKA B177,CR.BT.177.TA,449.6,401039,TAKA tr?n B177,,25
414,B178,TAKA,Rubber V Belt TAKA B178,CR.BT.178.TA,452.1,401039,TAKA tr?n B178,,25
415,B179,TAKA,Rubber V Belt TAKA B179,CR.BT.179.TA,454.7,401039,TAKA tr?n B179,,25
416,B180,TAKA,Rubber V Belt TAKA B180,CR.BT.180.TA,457.2,401039,TAKA tr?n B180,,25
417,B20,TAKA,Rubber V Belt TAKA B20,CR.BT.020.TA,50.8,401039,TAKA tr?n B20,,150
418,B21,TAKA,Rubber V Belt TAKA B21,CR.BT.021.TA,53.3,401039,TAKA tr?n B21,,150
419,B22,TAKA,Rubber V Belt TAKA B22,CR.BT.022.TA,55.9,401039,TAKA tr?n B22,,150
420,B23,TAKA,Rubber V Belt TAKA B23,CR.BT.023.TA,58.4,401039,TAKA tr?n B23,,150
421,B24,TAKA,Rubber V Belt TAKA B24,CR.BT.024.TA,61,401032,TAKA tr?n B24,,150
422,B25,TAKA,Rubber V Belt TAKA B25,CR.BT.025.TA,63.5,401032,TAKA tr?n B25,,150
423,B26,TAKA,Rubber V Belt TAKA B26,CR.BT.026.TA,66,401032,TAKA tr?n B26,,150
424,B27,TAKA,Rubber V Belt TAKA B27,CR.BT.027.TA,68.6,401032,TAKA tr?n B27,,150
425,B28,TAKA,Rubber V Belt TAKA B28,CR.BT.028.TA,71.1,401032,TAKA tr?n B28,,125
426,B29,TAKA,Rubber V Belt TAKA B29,CR.BT.029.TA,73.7,401032,TAKA tr?n B29,,125
427,B30,TAKA,Rubber V Belt TAKA B30,CR.BT.030.TA,76.2,401032,TAKA tr?n B30,,125
428,B31,TAKA,Rubber V Belt TAKA B31,CR.BT.031.TA,78.7,401032,TAKA tr?n B31,,125
429,B32,TAKA,Rubber V Belt TAKA B32,CR.BT.032.TA,81.3,401032,TAKA tr?n B32,,125
430,B33,TAKA,Rubber V Belt TAKA B33,CR.BT.033.TA,83.8,401032,TAKA tr?n B33,,125
431,B34,TAKA,Rubber V Belt TAKA B34,CR.BT.034.TA,86.4,401032,TAKA tr?n B34,,125
432,B35,TAKA,Rubber V Belt TAKA B35,CR.BT.035.TA,88.9,401032,TAKA tr?n B35,,100
433,B36,TAKA,Rubber V Belt TAKA B36,CR.BT.036.TA,91.4,401032,TAKA tr?n B36,,100
434,B37,TAKA,Rubber V Belt TAKA B37,CR.BT.037.TA,94,401032,TAKA tr?n B37,,100
435,B38,TAKA,Rubber V Belt TAKA B38,CR.BT.038.TA,96.5,401032,TAKA tr?n B38,,100
436,B39,TAKA,Rubber V Belt TAKA B39,CR.BT.039.TA,99.1,401032,TAKA tr?n B39,,100
437,B40,TAKA,Rubber V Belt TAKA B40,CR.BT.040.TA,101.6,401032,TAKA tr?n B40,,100
438,B41,TAKA,Rubber V Belt TAKA B41,CR.BT.041.TA,104.1,401032,TAKA tr?n B41,,100
439,B42,TAKA,Rubber V Belt TAKA B42,CR.BT.042.TA,106.7,401032,TAKA tr?n B42,,100
440,B43,TAKA,Rubber V Belt TAKA B43,CR.BT.043.TA,109.2,401032,TAKA tr?n B43,,100
441,B44,TAKA,Rubber V Belt TAKA B44,CR.BT.044.TA,111.8,401032,TAKA tr?n B44,,100
442,B45,TAKA,Rubber V Belt TAKA B45,CR.BT.045.TA,114.3,401032,TAKA tr?n B45,,100
443,B46,TAKA,Rubber V Belt TAKA B46,CR.BT.046.TA,116.8,401032,TAKA tr?n B46,,100
444,B47,TAKA,Rubber V Belt TAKA B47,CR.BT.047.TA,119.4,401032,TAKA tr?n B47,,100
445,B48,TAKA,Rubber V Belt TAKA B48,CR.BT.048.TA,121.9,401032,TAKA tr?n B48,,100
446,B49,TAKA,Rubber V Belt TAKA B49,CR.BT.049.TA,124.5,401032,TAKA tr?n B49,,100
447,B50,TAKA,Rubber V Belt TAKA B50,CR.BT.050.TA,127,401032,TAKA tr?n B50,,90
448,B51,TAKA,Rubber V Belt TAKA B51,CR.BT.051.TA,129.5,401032,TAKA tr?n B51,,90
449,B52,TAKA,Rubber V Belt TAKA B52,CR.BT.052.TA,132.1,401032,TAKA tr?n B52,,90
450,B53,TAKA,Rubber V Belt TAKA B53,CR.BT.053.TA,134.6,401032,TAKA tr?n B53,,90
451,B54,TAKA,Rubber V Belt TAKA B54,CR.BT.054.TA,137.2,401032,TAKA tr?n B54,,90
452,B55,TAKA,Rubber V Belt TAKA B55,CR.BT.055.TA,139.7,401032,TAKA tr?n B55,,90
453,B56,TAKA,Rubber V Belt TAKA B56,CR.BT.056.TA,142.2,401032,TAKA tr?n B56,,80
454,B57,TAKA,Rubber V Belt TAKA B57,CR.BT.057.TA,144.8,401032,TAKA tr?n B57,,80
455,B58,TAKA,Rubber V Belt TAKA B58,CR.BT.058.TA,147.3,401032,TAKA tr?n B58,,80
456,B59,TAKA,Rubber V Belt TAKA B59,CR.BT.059.TA,149.9,401032,TAKA tr?n B59,,80
457,B60,TAKA,Rubber V Belt TAKA B60,CR.BT.060.TA,152.4,401032,TAKA tr?n B60,,80
458,B61,TAKA,Rubber V Belt TAKA B61,CR.BT.061.TA,154.9,401032,TAKA tr?n B61,,70
459,B62,TAKA,Rubber V Belt TAKA B62,CR.BT.062.TA,157.5,401032,TAKA tr?n B62,,70
460,B63,TAKA,Rubber V Belt TAKA B63,CR.BT.063.TA,160,401032,TAKA tr?n B63,,70
461,B64,TAKA,Rubber V Belt TAKA B64,CR.BT.064.TA,162.6,401032,TAKA tr?n B64,,70
462,B65,TAKA,Rubber V Belt TAKA B65,CR.BT.065.TA,165.1,401032,TAKA tr?n B65,,70
463,B66,TAKA,Rubber V Belt TAKA B66,CR.BT.066.TA,167.6,401032,TAKA tr?n B66,,60
464,B67,TAKA,Rubber V Belt TAKA B67,CR.BT.067.TA,170.2,401032,TAKA tr?n B67,,60
465,B68,TAKA,Rubber V Belt TAKA B68,CR.BT.068.TA,172.7,401032,TAKA tr?n B68,,60
466,B69,TAKA,Rubber V Belt TAKA B69,CR.BT.069.TA,175.3,401032,TAKA tr?n B69,,60
467,B70,TAKA,Rubber V Belt TAKA B70,CR.BT.070.TA,177.8,401032,TAKA tr?n B70,,60
468,B71,TAKA,Rubber V Belt TAKA B71,CR.BT.071.TA,180.3,401034,TAKA tr?n B71,,60
469,B72,TAKA,Rubber V Belt TAKA B72,CR.BT.072.TA,182.9,401034,TAKA tr?n B72,,60
470,B73,TAKA,Rubber V Belt TAKA B73,CR.BT.073.TA,185.4,401034,TAKA tr?n B73,,60
471,B74,TAKA,Rubber V Belt TAKA B74,CR.BT.074.TA,188,401034,TAKA tr?n B74,,60
472,B75,TAKA,Rubber V Belt TAKA B75,CR.BT.075.TA,190.5,401034,TAKA tr?n B75,,60
473,B76,TAKA,Rubber V Belt TAKA B76,CR.BT.076.TA,193,401034,TAKA tr?n B76,,60
474,B77,TAKA,Rubber V Belt TAKA B77,CR.BT.077.TA,195.6,401034,TAKA tr?n B77,,60
475,B78,TAKA,Rubber V Belt TAKA B78,CR.BT.078.TA,198.1,401034,TAKA tr?n B78,,60
476,B79,TAKA,Rubber V Belt TAKA B79,CR.BT.079.TA,200.7,401034,TAKA tr?n B79,,50
477,B80,TAKA,Rubber V Belt TAKA B80,CR.BT.080.TA,203.2,401034,TAKA tr?n B80,,50
478,B81,TAKA,Rubber V Belt TAKA B81,CR.BT.081.TA,205.7,401034,TAKA tr?n B81,,50
479,B82,TAKA,Rubber V Belt TAKA B82,CR.BT.082.TA,208.3,401034,TAKA tr?n B82,,50
480,B83,TAKA,Rubber V Belt TAKA B83,CR.BT.083.TA,210.8,401034,TAKA tr?n B83,,50
481,B84,TAKA,Rubber V Belt TAKA B84,CR.BT.084.TA,213.4,401034,TAKA tr?n B84,,50
482,B85,TAKA,Rubber V Belt TAKA B85,CR.BT.085.TA,215.9,401034,TAKA tr?n B85,,50
483,B86,TAKA,Rubber V Belt TAKA B86,CR.BT.086.TA,218.4,401034,TAKA tr?n B86,,50
484,B87,TAKA,Rubber V Belt TAKA B87,CR.BT.087.TA,221,401034,TAKA tr?n B87,,50
485,B88,TAKA,Rubber V Belt TAKA B88,CR.BT.088.TA,223.5,401034,TAKA tr?n B88,,50
486,B89,TAKA,Rubber V Belt TAKA B89,CR.BT.089.TA,226.1,401034,TAKA tr?n B89,,40
487,B90,TAKA,Rubber V Belt TAKA B90,CR.BT.090.TA,228.6,401034,TAKA tr?n B90,,40
488,B91,TAKA,Rubber V Belt TAKA B91,CR.BT.091.TA,231.1,401034,TAKA tr?n B91,,40
489,B92,TAKA,Rubber V Belt TAKA B92,CR.BT.092.TA,233.7,401034,TAKA tr?n B92,,40
490,B93,TAKA,Rubber V Belt TAKA B93,CR.BT.093.TA,236.2,401034,TAKA tr?n B93,,40
491,B94,TAKA,Rubber V Belt TAKA B94,CR.BT.094.TA,238.8,401034,TAKA tr?n B94,,40
492,B95,TAKA,Rubber V Belt TAKA B95,CR.BT.095.TA,241.3,401039,TAKA tr?n B95,,40
493,B96,TAKA,Rubber V Belt TAKA B96,CR.BT.096.TA,243.8,401039,TAKA tr?n B96,,40
494,B97,TAKA,Rubber V Belt TAKA B97,CR.BT.097.TA,246.4,401039,TAKA tr?n B97,,40
495,B98,TAKA,Rubber V Belt TAKA B98,CR.BT.098.TA,248.9,401039,TAKA tr?n B98,,40
496,B99,TAKA,Rubber V Belt TAKA B99,CR.BT.099.TA,251.5,401039,TAKA tr?n B99,,40
497,C100,TAKA,Rubber V Belt TAKA C100,CR.CT.100.TA,254,401039,TAKA tr?n C100,,25
498,C101,TAKA,Rubber V Belt TAKA C101,CR.CT.101.TA,256.5,401039,TAKA tr?n C101,,25
499,C102,TAKA,Rubber V Belt TAKA C102,CR.CT.102.TA,259.1,401039,TAKA tr?n C102,,25
500,C103,TAKA,Rubber V Belt TAKA C103,CR.CT.103.TA,261.6,401039,TAKA tr?n C103,,25
501,C104,TAKA,Rubber V Belt TAKA C104,CR.CT.104.TA,264.2,401039,TAKA tr?n C104,,25
502,C105,TAKA,Rubber V Belt TAKA C105,CR.CT.105.TA,266.7,401039,TAKA tr?n C105,,25
503,C106,TAKA,Rubber V Belt TAKA C106,CR.CT.106.TA,269.2,401039,TAKA tr?n C106,,25
504,C107,TAKA,Rubber V Belt TAKA C107,CR.CT.107.TA,271.8,401039,TAKA tr?n C107,,25
505,C108,TAKA,Rubber V Belt TAKA C108,CR.CT.108.TA,274.3,401039,TAKA tr?n C108,,25
506,C109,TAKA,Rubber V Belt TAKA C109,CR.CT.109.TA,276.9,401039,TAKA tr?n C109,,25
507,C110,TAKA,Rubber V Belt TAKA C110,CR.CT.110.TA,279.4,401039,TAKA tr?n C110,,25
508,C111,TAKA,Rubber V Belt TAKA C111,CR.CT.111.TA,281.9,401039,TAKA tr?n C111,,20
509,C112,TAKA,Rubber V Belt TAKA C112,CR.CT.112.TA,284.5,401039,TAKA tr?n C112,,20
510,C113,TAKA,Rubber V Belt TAKA C113,CR.CT.113.TA,287,401039,TAKA tr?n C113,,20
511,C114,TAKA,Rubber V Belt TAKA C114,CR.CT.114.TA,289.6,401039,TAKA tr?n C114,,20
512,C115,TAKA,Rubber V Belt TAKA C115,CR.CT.115.TA,292.1,401039,TAKA tr?n C115,,20
513,C116,TAKA,Rubber V Belt TAKA C116,CR.CT.116.TA,294.6,401039,TAKA tr?n C116,,20
514,C117,TAKA,Rubber V Belt TAKA C117,CR.CT.117.TA,297.2,401039,TAKA tr?n C117,,20
515,C118,TAKA,Rubber V Belt TAKA C118,CR.CT.118.TA,299.7,401039,TAKA tr?n C118,,20
516,C119,TAKA,Rubber V Belt TAKA C119,CR.CT.119.TA,302.3,401039,TAKA tr?n C119,,20
517,C120,TAKA,Rubber V Belt TAKA C120,CR.CT.120.TA,304.8,401039,TAKA tr?n C120,,20
518,C121,TAKA,Rubber V Belt TAKA C121,CR.CT.121.TA,307.3,401039,TAKA tr?n C121,,20
519,C122,TAKA,Rubber V Belt TAKA C122,CR.CT.122.TA,309.9,401039,TAKA tr?n C122,,20
520,C123,TAKA,Rubber V Belt TAKA C123,CR.CT.123.TA,312.4,401039,TAKA tr?n C123,,20
521,C124,TAKA,Rubber V Belt TAKA C124,CR.CT.124.TA,315,401039,TAKA tr?n C124,,20
522,C125,TAKA,Rubber V Belt TAKA C125,CR.CT.125.TA,317.5,401039,TAKA tr?n C125,,20
523,C126,TAKA,Rubber V Belt TAKA C126,CR.CT.126.TA,320,401039,TAKA tr?n C126,,20
524,C127,TAKA,Rubber V Belt TAKA C127,CR.CT.127.TA,322.6,401039,TAKA tr?n C127,,20
525,C128,TAKA,Rubber V Belt TAKA C128,CR.CT.128.TA,325.1,401039,TAKA tr?n C128,,20
526,C129,TAKA,Rubber V Belt TAKA C129,CR.CT.129.TA,327.7,401039,TAKA tr?n C129,,20
527,C130,TAKA,Rubber V Belt TAKA C130,CR.CT.130.TA,330.2,401039,TAKA tr?n C130,,20
528,C131,TAKA,Rubber V Belt TAKA C131,CR.CT.131.TA,332.7,401039,TAKA tr?n C131,,20
529,C132,TAKA,Rubber V Belt TAKA C132,CR.CT.132.TA,335.3,401039,TAKA tr?n C132,,20
530,C133,TAKA,Rubber V Belt TAKA C133,CR.CT.133.TA,337.8,401039,TAKA tr?n C133,,20
531,C134,TAKA,Rubber V Belt TAKA C134,CR.CT.134.TA,340.4,401039,TAKA tr?n C134,,20
532,C135,TAKA,Rubber V Belt TAKA C135,CR.CT.135.TA,342.9,401039,TAKA tr?n C135,,20
533,C136,TAKA,Rubber V Belt TAKA C136,CR.CT.136.TA,345.4,401039,TAKA tr?n C136,,18
534,C137,TAKA,Rubber V Belt TAKA C137,CR.CT.137.TA,348,401039,TAKA tr?n C137,,18
535,C138,TAKA,Rubber V Belt TAKA C138,CR.CT.138.TA,350.5,401039,TAKA tr?n C138,,18
536,C139,TAKA,Rubber V Belt TAKA C139,CR.CT.139.TA,353.1,401039,TAKA tr?n C139,,18
537,C140,TAKA,Rubber V Belt TAKA C140,CR.CT.140.TA,355.6,401039,TAKA tr?n C140,,18
538,C141,TAKA,Rubber V Belt TAKA C141,CR.CT.141.TA,358.1,401039,TAKA tr?n C141,,18
539,C142,TAKA,Rubber V Belt TAKA C142,CR.CT.142.TA,360.7,401039,TAKA tr?n C142,,18
540,C143,TAKA,Rubber V Belt TAKA C143,CR.CT.143.TA,363.2,401039,TAKA tr?n C143,,18
541,C144,TAKA,Rubber V Belt TAKA C144,CR.CT.144.TA,365.8,401039,TAKA tr?n C144,,18
542,C145,TAKA,Rubber V Belt TAKA C145,CR.CT.145.TA,368.3,401039,TAKA tr?n C145,,18
543,C146,TAKA,Rubber V Belt TAKA C146,CR.CT.146.TA,370.8,401039,TAKA tr?n C146,,18
544,C147,TAKA,Rubber V Belt TAKA C147,CR.CT.147.TA,373.4,401039,TAKA tr?n C147,,18
545,C148,TAKA,Rubber V Belt TAKA C148,CR.CT.148.TA,375.9,401039,TAKA tr?n C148,,18
546,C149,TAKA,Rubber V Belt TAKA C149,CR.CT.149.TA,378.5,401039,TAKA tr?n C149,,18
547,C150,TAKA,Rubber V Belt TAKA C150,CR.CT.150.TA,381,401039,TAKA tr?n C150,,18
548,C151,TAKA,Rubber V Belt TAKA C151,CR.CT.151.TA,383.5,401039,TAKA tr?n C151,,18
549,C152,TAKA,Rubber V Belt TAKA C152,CR.CT.152.TA,386.1,401039,TAKA tr?n C152,,18
550,C153,TAKA,Rubber V Belt TAKA C153,CR.CT.153.TA,388.6,401039,TAKA tr?n C153,,18
551,C154,TAKA,Rubber V Belt TAKA C154,CR.CT.154.TA,391.2,401039,TAKA tr?n C154,,18
552,C155,TAKA,Rubber V Belt TAKA C155,CR.CT.155.TA,393.7,401039,TAKA tr?n C155,,18
553,C156,TAKA,Rubber V Belt TAKA C156,CR.CT.156.TA,396.2,401039,TAKA tr?n C156,,18
554,C157,TAKA,Rubber V Belt TAKA C157,CR.CT.157.TA,398.8,401039,TAKA tr?n C157,,18
555,C158,TAKA,Rubber V Belt TAKA C158,CR.CT.158.TA,401.3,401039,TAKA tr?n C158,,18
556,C159,TAKA,Rubber V Belt TAKA C159,CR.CT.159.TA,403.9,401039,TAKA tr?n C159,,18
557,C160,TAKA,Rubber V Belt TAKA C160,CR.CT.160.TA,406.4,401039,TAKA tr?n C160,,18
558,C161,TAKA,Rubber V Belt TAKA C161,CR.CT.161.TA,408.9,401039,TAKA tr?n C161,,15
559,C162,TAKA,Rubber V Belt TAKA C162,CR.CT.162.TA,411.5,401039,TAKA tr?n C162,,15
560,C163,TAKA,Rubber V Belt TAKA C163,CR.CT.163.TA,414,401039,TAKA tr?n C163,,15
561,C164,TAKA,Rubber V Belt TAKA C164,CR.CT.164.TA,416.6,401039,TAKA tr?n C164,,15
562,C165,TAKA,Rubber V Belt TAKA C165,CR.CT.165.TA,419.1,401039,TAKA tr?n C165,,15
563,C166,TAKA,Rubber V Belt TAKA C166,CR.CT.166.TA,421.6,401039,TAKA tr?n C166,,15
564,C167,TAKA,Rubber V Belt TAKA C167,CR.CT.167.TA,424.2,401039,TAKA tr?n C167,,15
565,C168,TAKA,Rubber V Belt TAKA C168,CR.CT.168.TA,426.7,401039,TAKA tr?n C168,,15
566,C169,TAKA,Rubber V Belt TAKA C169,CR.CT.169.TA,429.3,401039,TAKA tr?n C169,,15
567,C170,TAKA,Rubber V Belt TAKA C170,CR.CT.170.TA,431.8,401039,TAKA tr?n C170,,15
568,C171,TAKA,Rubber V Belt TAKA C171,CR.CT.171.TA,434.3,401039,TAKA tr?n C171,,15
569,C172,TAKA,Rubber V Belt TAKA C172,CR.CT.172.TA,436.9,401039,TAKA tr?n C172,,15
570,C173,TAKA,Rubber V Belt TAKA C173,CR.CT.173.TA,439.4,401039,TAKA tr?n C173,,15
571,C174,TAKA,Rubber V Belt TAKA C174,CR.CT.174.TA,442,401039,TAKA tr?n C174,,15
572,C175,TAKA,Rubber V Belt TAKA C175,CR.CT.175.TA,444.5,401039,TAKA tr?n C175,,15
573,C176,TAKA,Rubber V Belt TAKA C176,CR.CT.176.TA,447,401039,TAKA tr?n C176,,15
574,C177,TAKA,Rubber V Belt TAKA C177,CR.CT.177.TA,449.6,401039,TAKA tr?n C177,,15
575,C178,TAKA,Rubber V Belt TAKA C178,CR.CT.178.TA,452.1,401039,TAKA tr?n C178,,15
576,C179,TAKA,Rubber V Belt TAKA C179,CR.CT.179.TA,454.7,401039,TAKA tr?n C179,,15
577,C180,TAKA,Rubber V Belt TAKA C180,CR.CT.180.TA,457.2,401039,TAKA tr?n C180,,15
578,C181,TAKA,Rubber V Belt TAKA C181,CR.CT.181.TA,459.7,401039,TAKA tr?n C181,,15
579,C182,TAKA,Rubber V Belt TAKA C182,CR.CT.182.TA,462.3,401039,TAKA tr?n C182,,15
580,C183,TAKA,Rubber V Belt TAKA C183,CR.CT.183.TA,464.8,401039,TAKA tr?n C183,,15
581,C184,TAKA,Rubber V Belt TAKA C184,CR.CT.184.TA,467.4,401039,TAKA tr?n C184,,15
582,C185,TAKA,Rubber V Belt TAKA C185,CR.CT.185.TA,469.9,401039,TAKA tr?n C185,,15
583,C186,TAKA,Rubber V Belt TAKA C186,CR.CT.186.TA,472.4,401039,TAKA tr?n C186,,15
584,C187,TAKA,Rubber V Belt TAKA C187,CR.CT.187.TA,475,401039,TAKA tr?n C187,,15
585,C188,TAKA,Rubber V Belt TAKA C188,CR.CT.188.TA,477.5,401039,TAKA tr?n C188,,15
586,C189,TAKA,Rubber V Belt TAKA C189,CR.CT.189.TA,480.1,401039,TAKA tr?n C189,,15
587,C190,TAKA,Rubber V Belt TAKA C190,CR.CT.190.TA,482.6,401039,TAKA tr?n C190,,15
588,C191,TAKA,Rubber V Belt TAKA C191,CR.CT.191.TA,485.1,401039,TAKA tr?n C191,,15
589,C192,TAKA,Rubber V Belt TAKA C192,CR.CT.192.TA,487.7,401039,TAKA tr?n C192,,15
590,C193,TAKA,Rubber V Belt TAKA C193,CR.CT.193.TA,490.2,401039,TAKA tr?n C193,,15
591,C194,TAKA,Rubber V Belt TAKA C194,CR.CT.194.TA,492.8,401039,TAKA tr?n C194,,15
592,C195,TAKA,Rubber V Belt TAKA C195,CR.CT.195.TA,495.3,401039,TAKA tr?n C195,,15
593,C196,TAKA,Rubber V Belt TAKA C196,CR.CT.196.TA,497.8,401039,TAKA tr?n C196,,15
594,C197,TAKA,Rubber V Belt TAKA C197,CR.CT.197.TA,500.4,401039,TAKA tr?n C197,,15
595,C198,TAKA,Rubber V Belt TAKA C198,CR.CT.198.TA,502.9,401039,TAKA tr?n C198,,15
596,C199,TAKA,Rubber V Belt TAKA C199,CR.CT.199.TA,505.5,401039,TAKA tr?n C199,,15
597,C200,TAKA,Rubber V Belt TAKA C200,CR.CT.200.TA,508,401039,TAKA tr?n C200,,15
598,C201,TAKA,Rubber V Belt TAKA C201,CR.CT.201.TA,510.5,401039,TAKA tr?n C201,,10
599,C202,TAKA,Rubber V Belt TAKA C202,CR.CT.202.TA,513.1,401039,TAKA tr?n C202,,10
600,C203,TAKA,Rubber V Belt TAKA C203,CR.CT.203.TA,515.6,401039,TAKA tr?n C203,,10
601,C204,TAKA,Rubber V Belt TAKA C204,CR.CT.204.TA,518.2,401039,TAKA tr?n C204,,10
602,C205,TAKA,Rubber V Belt TAKA C205,CR.CT.205.TA,520.7,401039,TAKA tr?n C205,,10
603,C206,TAKA,Rubber V Belt TAKA C206,CR.CT.206.TA,523.2,401039,TAKA tr?n C206,,10
604,C207,TAKA,Rubber V Belt TAKA C207,CR.CT.207.TA,525.8,401039,TAKA tr?n C207,,10
605,C208,TAKA,Rubber V Belt TAKA C208,CR.CT.208.TA,528.3,401039,TAKA tr?n C208,,10
606,C209,TAKA,Rubber V Belt TAKA C209,CR.CT.209.TA,530.9,401039,TAKA tr?n C209,,10
607,C210,TAKA,Rubber V Belt TAKA C210,CR.CT.210.TA,533.4,401039,TAKA tr?n C210,,10
608,C211,TAKA,Rubber V Belt TAKA C211,CR.CT.211.TA,535.9,401039,TAKA tr?n C211,,10
609,C212,TAKA,Rubber V Belt TAKA C212,CR.CT.212.TA,538.5,401039,TAKA tr?n C212,,10
610,C213,TAKA,Rubber V Belt TAKA C213,CR.CT.213.TA,541,401039,TAKA tr?n C213,,10
611,C214,TAKA,Rubber V Belt TAKA C214,CR.CT.214.TA,543.6,401039,TAKA tr?n C214,,10
612,C215,TAKA,Rubber V Belt TAKA C215,CR.CT.215.TA,546.1,401039,TAKA tr?n C215,,10
613,C216,TAKA,Rubber V Belt TAKA C216,CR.CT.216.TA,548.6,401039,TAKA tr?n C216,,10
614,C217,TAKA,Rubber V Belt TAKA C217,CR.CT.217.TA,551.2,401039,TAKA tr?n C217,,10
615,C218,TAKA,Rubber V Belt TAKA C218,CR.CT.218.TA,553.7,401039,TAKA tr?n C218,,10
616,C219,TAKA,Rubber V Belt TAKA C219,CR.CT.219.TA,556.3,401039,TAKA tr?n C219,,10
617,C220,TAKA,Rubber V Belt TAKA C220,CR.CT.220.TA,558.8,401039,TAKA tr?n C220,,10
618,C52,TAKA,Rubber V Belt TAKA C52,CR.CT.052.TA,132.1,401032,TAKA tr?n C52,,40
619,C60,TAKA,Rubber V Belt TAKA C60,CR.CT.060.TA,152.4,401032,TAKA tr?n C60,,35
620,C61,TAKA,Rubber V Belt TAKA C61,CR.CT.061.TA,154.9,401032,TAKA tr?n C61,,35
621,C62,TAKA,Rubber V Belt TAKA C62,CR.CT.062.TA,157.5,401032,TAKA tr?n C62,,35
622,C63,TAKA,Rubber V Belt TAKA C63,CR.CT.063.TA,160,401032,TAKA tr?n C63,,35
623,C64,TAKA,Rubber V Belt TAKA C64,CR.CT.064.TA,162.6,401032,TAKA tr?n C64,,35
624,C65,TAKA,Rubber V Belt TAKA C65,CR.CT.065.TA,165.1,401032,TAKA tr?n C65,,35
625,C66,TAKA,Rubber V Belt TAKA C66,CR.CT.066.TA,167.6,401032,TAKA tr?n C66,,35
626,C67,TAKA,Rubber V Belt TAKA C67,CR.CT.067.TA,170.2,401032,TAKA tr?n C67,,35
627,C68,TAKA,Rubber V Belt TAKA C68,CR.CT.068.TA,172.7,401032,TAKA tr?n C68,,35
628,C69,TAKA,Rubber V Belt TAKA C69,CR.CT.069.TA,175.3,401032,TAKA tr?n C69,,35
629,C70,TAKA,Rubber V Belt TAKA C70,CR.CT.070.TA,177.8,401032,TAKA tr?n C70,,35
630,C71,TAKA,Rubber V Belt TAKA C71,CR.CT.071.TA,180.3,401034,TAKA tr?n C71,,35
631,C72,TAKA,Rubber V Belt TAKA C72,CR.CT.072.TA,182.9,401034,TAKA tr?n C72,,35
632,C73,TAKA,Rubber V Belt TAKA C73,CR.CT.073.TA,185.4,401034,TAKA tr?n C73,,35
633,C74,TAKA,Rubber V Belt TAKA C74,CR.CT.074.TA,188,401034,TAKA tr?n C74,,35
634,C75,TAKA,Rubber V Belt TAKA C75,CR.CT.075.TA,190.5,401034,TAKA tr?n C75,,35
635,C76,TAKA,Rubber V Belt TAKA C76,CR.CT.076.TA,193,401034,TAKA tr?n C76,,35
636,C77,TAKA,Rubber V Belt TAKA C77,CR.CT.077.TA,195.6,401034,TAKA tr?n C77,,35
637,C78,TAKA,Rubber V Belt TAKA C78,CR.CT.078.TA,198.1,401034,TAKA tr?n C78,,35
638,C79,TAKA,Rubber V Belt TAKA C79,CR.CT.079.TA,200.7,401034,TAKA tr?n C79,,35
639,C80,TAKA,Rubber V Belt TAKA C80,CR.CT.080.TA,203.2,401034,TAKA tr?n C80,,25
640,C81,TAKA,Rubber V Belt TAKA C81,CR.CT.081.TA,205.7,401034,TAKA tr?n C81,,25
641,C82,TAKA,Rubber V Belt TAKA C82,CR.CT.082.TA,208.3,401034,TAKA tr?n C82,,25
642,C83,TAKA,Rubber V Belt TAKA C83,CR.CT.083.TA,210.8,401034,TAKA tr?n C83,,25
643,C84,TAKA,Rubber V Belt TAKA C84,CR.CT.084.TA,213.4,401034,TAKA tr?n C84,,25
644,C85,TAKA,Rubber V Belt TAKA C85,CR.CT.085.TA,215.9,401034,TAKA tr?n C85,,25
645,C86,TAKA,Rubber V Belt TAKA C86,CR.CT.086.TA,218.4,401034,TAKA tr?n C86,,25
646,C87,TAKA,Rubber V Belt TAKA C87,CR.CT.087.TA,221,401034,TAKA tr?n C87,,25
647,C88,TAKA,Rubber V Belt TAKA C88,CR.CT.088.TA,223.5,401034,TAKA tr?n C88,,25
648,C89,TAKA,Rubber V Belt TAKA C89,CR.CT.089.TA,226.1,401034,TAKA tr?n C89,,25
649,C90,TAKA,Rubber V Belt TAKA C90,CR.CT.090.TA,228.6,401034,TAKA tr?n C90,,25
650,C91,TAKA,Rubber V Belt TAKA C91,CR.CT.091.TA,231.1,401034,TAKA tr?n C91,,25
651,C92,TAKA,Rubber V Belt TAKA C92,CR.CT.092.TA,233.7,401034,TAKA tr?n C92,,25
652,C93,TAKA,Rubber V Belt TAKA C93,CR.CT.093.TA,236.2,401034,TAKA tr?n C93,,25
653,C94,TAKA,Rubber V Belt TAKA C94,CR.CT.094.TA,238.8,401034,TAKA tr?n C94,,25
654,C95,TAKA,Rubber V Belt TAKA C95,CR.CT.095.TA,241.3,401039,TAKA tr?n C95,,25
655,C96,TAKA,Rubber V Belt TAKA C96,CR.CT.096.TA,243.8,401039,TAKA tr?n C96,,25
656,C97,TAKA,Rubber V Belt TAKA C97,CR.CT.097.TA,246.4,401039,TAKA tr?n C97,,25
657,C98,TAKA,Rubber V Belt TAKA C98,CR.CT.098.TA,248.9,401039,TAKA tr?n C98,,25
658,C99,TAKA,Rubber V Belt TAKA C99,CR.CT.099.TA,251.5,401039,TAKA tr?n C99,,25
659,D96,TAKA,Rubber V Belt TAKA D96,CR.DT.096.TA,243.8,401039,TAKA tr?n D96,,14
660,FM20,TAKA,Rubber V Belt TAKA FM20,CR.FMT.020.TA,50.8,401039,TAKA tr?n FM20,,400
661,FM21,TAKA,Rubber V Belt TAKA FM21,CR.FMT.021.TA,53.3,401039,TAKA tr?n FM21,,400
662,FM22,TAKA,Rubber V Belt TAKA FM22,CR.FMT.022.TA,55.9,401039,TAKA tr?n FM22,,400
663,FM23,TAKA,Rubber V Belt TAKA FM23,CR.FMT.023.TA,58.4,401039,TAKA tr?n FM23,,400
664,FM24,TAKA,Rubber V Belt TAKA FM24,CR.FMT.024.TA,61,401032,TAKA tr?n FM24,,400
665,FM25,TAKA,Rubber V Belt TAKA FM25,CR.FMT.025.TA,63.5,401032,TAKA tr?n FM25,,400
666,FM26,TAKA,Rubber V Belt TAKA FM26,CR.FMT.026.TA,66,401032,TAKA tr?n FM26,,400
667,FM27,TAKA,Rubber V Belt TAKA FM27,CR.FMT.027.TA,68.6,401032,TAKA tr?n FM27,,400
668,FM28,TAKA,Rubber V Belt TAKA FM28,CR.FMT.028.TA,71.1,401032,TAKA tr?n FM28,,400
669,FM29,TAKA,Rubber V Belt TAKA FM29,CR.FMT.029.TA,73.7,401032,TAKA tr?n FM29,,350
670,FM30,TAKA,Rubber V Belt TAKA FM30,CR.FMT.030.TA,76.2,401032,TAKA tr?n FM30,,350
671,FM31,TAKA,Rubber V Belt TAKA FM31,CR.FMT.031.TA,78.7,401032,TAKA tr?n FM31,,350
672,FM32,TAKA,Rubber V Belt TAKA FM32,CR.FMT.032.TA,81.3,401032,TAKA tr?n FM32,,250
673,FM33,TAKA,Rubber V Belt TAKA FM33,CR.FMT.033.TA,83.8,401032,TAKA tr?n FM33,,350
674,FM34,TAKA,Rubber V Belt TAKA FM34,CR.FMT.034.TA,86.4,401032,TAKA tr?n FM34,,350
675,FM35,TAKA,Rubber V Belt TAKA FM35,CR.FMT.035.TA,88.9,401032,TAKA tr?n FM35,,350
676,FM36,TAKA,Rubber V Belt TAKA FM36,CR.FMT.036.TA,91.4,401032,TAKA tr?n FM36,,300
677,FM37,TAKA,Rubber V Belt TAKA FM37,CR.FMT.037.TA,94,401032,TAKA tr?n FM37,,300
678,FM38,TAKA,Rubber V Belt TAKA FM38,CR.FMT.038.TA,96.5,401032,TAKA tr?n FM38,,300
679,FM39,TAKA,Rubber V Belt TAKA FM39,CR.FMT.039.TA,99.1,401032,TAKA tr?n FM39,,300
680,FM40,TAKA,Rubber V Belt TAKA FM40,CR.FMT.040.TA,101.6,401032,TAKA tr?n FM40,,300
681,FM41,TAKA,Rubber V Belt TAKA FM41,CR.FMT.041.TA,104.1,401032,TAKA tr?n FM41,,250
682,FM42,TAKA,Rubber V Belt TAKA FM42,CR.FMT.042.TA,106.7,401032,TAKA tr?n FM42,,250
683,FM43,TAKA,Rubber V Belt TAKA FM43,CR.FMT.043.TA,109.2,401032,TAKA tr?n FM43,,250
684,FM44,TAKA,Rubber V Belt TAKA FM44,CR.FMT.044.TA,111.8,401032,TAKA tr?n FM44,,250
685,FM45,TAKA,Rubber V Belt TAKA FM45,CR.FMT.045.TA,114.3,401032,TAKA tr?n FM45,,250
686,FM46,TAKA,Rubber V Belt TAKA FM46,CR.FMT.046.TA,116.8,401032,TAKA tr?n FM46,,250
687,FM47,TAKA,Rubber V Belt TAKA FM47,CR.FMT.047.TA,119.4,401032,TAKA tr?n FM47,,250
688,FM48,TAKA,Rubber V Belt TAKA FM48,CR.FMT.048.TA,121.9,401032,TAKA tr?n FM48,,250
689,FM49,TAKA,Rubber V Belt TAKA FM49,CR.FMT.049.TA,124.5,401032,TAKA tr?n FM49,,250
690,FM50,TAKA,Rubber V Belt TAKA FM50,CR.FMT.050.TA,127,401032,TAKA tr?n FM50,,250
691,DH1100-100,YAMATACHI,Rubber Belt (V-Ribbed) YAMATACHI DH1100-100,CR.DH.1100.YAMA,110,401032,YAMATACHI DH1100-100,,10
692,DH900-67,YAMATACHI,Rubber Belt (V-Ribbed) YAMATACHI DH900-67,CR.DH.900/67.YAMA,90,401032,YAMATACHI DH900,,20
693,RECMF-6200,YAMATACHI,Rubber Belt (V-Ribbed) YAMATACHI RECMF-6200,CR.AR.020.YAMA,50.8,401039,YAMATACHI r?ng A20,,220
694,RECMF-6210,YAMATACHI,Rubber Belt (V-Ribbed) YAMATACHI RECMF-6210,CR.AR.021.YAMA,53.3,401039,YAMATACHI r?ng A21,,220
695,RECMF-6220,YAMATACHI,Rubber Belt (V-Ribbed) YAMATACHI RECMF-6220,CR.AR.022.YAMA,55.9,401039,YAMATACHI r?ng A22,,220
696,RECMF-6230,YAMATACHI,Rubber Belt (V-Ribbed) YAMATACHI RECMF-6230,CR.AR.023.YAMA,58.4,401039,YAMATACHI r?ng A23,,200
697,RECMF-6240,YAMATACHI,Rubber Belt (V-Ribbed) YAMATACHI RECMF-6240,CR.AR.024.YAMA,61,401032,YAMATACHI r?ng A24,,200
698,RECMF-6250,YAMATACHI,Rubber Belt (V-Ribbed) YAMATACHI RECMF-6250,CR.AR.025.YAMA,63.5,401032,YAMATACHI r?ng A25,,200
699,RECMF-6260,YAMATACHI,Rubber Belt (V-Ribbed) YAMATACHI RECMF-6260,CR.AR.026.YAMA,66,401032,YAMATACHI r?ng A26,,200
700,RECMF-6270,YAMATACHI,Rubber Belt (V-Ribbed) YAMATACHI RECMF-6270,CR.AR.027.YAMA,68.6,401032,YAMATACHI r?ng A27,,130
701,RECMF-6280,YAMATACHI,Rubber Belt (V-Ribbed) YAMATACHI RECMF-6280,CR.AR.028.YAMA,71.1,401032,YAMATACHI r?ng A28,,130
702,RECMF-6290,YAMATACHI,Rubber Belt (V-Ribbed) YAMATACHI RECMF-6290,CR.AR.029.YAMA,73.7,401032,YAMATACHI r?ng A29,,130
703,RECMF-6300,YAMATACHI,Rubber Belt (V-Ribbed) YAMATACHI RECMF-6300,CR.AR.030.YAMA,76.2,401032,YAMATACHI r?ng A30,,130
704,RECMF-6310,YAMATACHI,Rubber Belt (V-Ribbed) YAMATACHI RECMF-6310,CR.AR.031.YAMA,78.7,401032,YAMATACHI r?ng A31,,130
705,RECMF-6320,YAMATACHI,Rubber Belt (V-Ribbed) YAMATACHI RECMF-6320,CR.AR.032.YAMA,81.3,401032,YAMATACHI r?ng A32,,130
706,RECMF-6330,YAMATACHI,Rubber Belt (V-Ribbed) YAMATACHI RECMF-6330,CR.AR.033.YAMA,83.8,401032,YAMATACHI r?ng A33,,130
707,RECMF-6340,YAMATACHI,Rubber Belt (V-Ribbed) YAMATACHI RECMF-6340,CR.AR.034.YAMA,86.4,401032,YAMATACHI r?ng A34,,130
708,RECMF-6350,YAMATACHI,Rubber Belt (V-Ribbed) YAMATACHI RECMF-6350,CR.AR.035.YAMA,88.9,401032,YAMATACHI r?ng A35,,130
709,RECMF-6360,YAMATACHI,Rubber Belt (V-Ribbed) YAMATACHI RECMF-6360,CR.AR.036.YAMA,91.4,401032,YAMATACHI r?ng A36,,150
710,RECMF-6370,YAMATACHI,Rubber Belt (V-Ribbed) YAMATACHI RECMF-6370,CR.AR.037.YAMA,94,401032,YAMATACHI r?ng A37,,150
711,RECMF-6380,YAMATACHI,Rubber Belt (V-Ribbed) YAMATACHI RECMF-6380,CR.AR.038.YAMA,96.5,401032,YAMATACHI r?ng A38,,150
712,RECMF-6390,YAMATACHI,Rubber Belt (V-Ribbed) YAMATACHI RECMF-6390,CR.AR.039.YAMA,99.1,401032,YAMATACHI r?ng A39,,150
713,RECMF-6400,YAMATACHI,Rubber Belt (V-Ribbed) YAMATACHI RECMF-6400,CR.AR.040.YAMA,101.6,401032,YAMATACHI r?ng A40,,150
714,RECMF-6410,YAMATACHI,Rubber Belt (V-Ribbed) YAMATACHI RECMF-6410,CR.AR.041.YAMA,104.1,401032,YAMATACHI r?ng A41,,150
715,RECMF-6420,YAMATACHI,Rubber Belt (V-Ribbed) YAMATACHI RECMF-6420,CR.AR.042.YAMA,106.7,401032,YAMATACHI r?ng A42,,150
716,RECMF-6430,YAMATACHI,Rubber Belt (V-Ribbed) YAMATACHI RECMF-6430,CR.AR.043.YAMA,109.2,401032,YAMATACHI r?ng A43,,150
717,RECMF-6440,YAMATACHI,Rubber Belt (V-Ribbed) YAMATACHI RECMF-6440,CR.AR.044.YAMA,111.8,401032,YAMATACHI r?ng A44,,150
718,RECMF-6450,YAMATACHI,Rubber Belt (V-Ribbed) YAMATACHI RECMF-6450,CR.AR.045.YAMA,114.3,401032,YAMATACHI r?ng A45,,150
719,RECMF-6460,YAMATACHI,Rubber Belt (V-Ribbed) YAMATACHI RECMF-6460,CR.AR.046.YAMA,116.8,401032,YAMATACHI r?ng A46,,150
720,RECMF-6470,YAMATACHI,Rubber Belt (V-Ribbed) YAMATACHI RECMF-6470,CR.AR.047.YAMA,119.4,401032,YAMATACHI r?ng A47,,120
721,RECMF-6480,YAMATACHI,Rubber Belt (V-Ribbed) YAMATACHI RECMF-6480,CR.AR.048.YAMA,121.9,401032,YAMATACHI r?ng A48,,120
722,RECMF-6490,YAMATACHI,Rubber Belt (V-Ribbed) YAMATACHI RECMF-6490,CR.AR.049.YAMA,124.5,401032,YAMATACHI r?ng A49,,120
723,RECMF-6500,YAMATACHI,Rubber Belt (V-Ribbed) YAMATACHI RECMF-6500,CR.AR.050.YAMA,127,401032,YAMATACHI r?ng A50,,120
724,RECMF-6510,YAMATACHI,Rubber Belt (V-Ribbed) YAMATACHI RECMF-6510,CR.AR.051.YAMA,129.5,401032,YAMATACHI r?ng A51,,120
725,RECMF-6520,YAMATACHI,Rubber Belt (V-Ribbed) YAMATACHI RECMF-6520,CR.AR.052.YAMA,132.1,401032,YAMATACHI r?ng A52,,120
726,RECMF-6530,YAMATACHI,Rubber Belt (V-Ribbed) YAMATACHI RECMF-6530,CR.AR.053.YAMA,134.6,401032,YAMATACHI r?ng A53,,120
727,RECMF-6540,YAMATACHI,Rubber Belt (V-Ribbed) YAMATACHI RECMF-6540,CR.AR.054.YAMA,137.2,401032,YAMATACHI r?ng A54,,120
728,RECMF-6550,YAMATACHI,Rubber Belt (V-Ribbed) YAMATACHI RECMF-6550,CR.AR.055.YAMA,139.7,401032,YAMATACHI r?ng A55,,120
729,RECMF-6560,YAMATACHI,Rubber Belt (V-Ribbed) YAMATACHI RECMF-6560,CR.AR.056.YAMA,142.2,401032,YAMATACHI r?ng A56,,120
730,RECMF-6570,YAMATACHI,Rubber Belt (V-Ribbed) YAMATACHI RECMF-6570,CR.AR.057.YAMA,144.8,401032,YAMATACHI r?ng A57,,120
731,RECMF-6580,YAMATACHI,Rubber Belt (V-Ribbed) YAMATACHI RECMF-6580,CR.AR.058.YAMA,147.3,401032,YAMATACHI r?ng A58,,120
732,RECMF-6590,YAMATACHI,Rubber Belt (V-Ribbed) YAMATACHI RECMF-6590,CR.AR.059.YAMA,149.9,401032,YAMATACHI r?ng A59,,120
733,RECMF-6600,YAMATACHI,Rubber Belt (V-Ribbed) YAMATACHI RECMF-6600,CR.AR.060.YAMA,152.4,401032,YAMATACHI r?ng A60,,120
734,RECMF-6610,YAMATACHI,Rubber Belt (V-Ribbed) YAMATACHI RECMF-6610,CR.AR.061.YAMA,154.9,401032,YAMATACHI r?ng A61,,120
735,RECMF-6620,YAMATACHI,Rubber Belt (V-Ribbed) YAMATACHI RECMF-6620,CR.AR.062.YAMA,157.5,401032,YAMATACHI r?ng A62,,110
736,RECMF-6630,YAMATACHI,Rubber Belt (V-Ribbed) YAMATACHI RECMF-6630,CR.AR.063.YAMA,160,401032,YAMATACHI r?ng A63,,110
737,RECMF-6640,YAMATACHI,Rubber Belt (V-Ribbed) YAMATACHI RECMF-6640,CR.AR.064.YAMA,162.6,401032,YAMATACHI r?ng A64,,110
738,RECMF-6650,YAMATACHI,Rubber Belt (V-Ribbed) YAMATACHI RECMF-6650,CR.AR.065.YAMA,165.1,401032,YAMATACHI r?ng A65,,110
739,RECMF-6660,YAMATACHI,Rubber Belt (V-Ribbed) YAMATACHI RECMF-6660,CR.AR.066.YAMA,167.6,401032,YAMATACHI r?ng A66,,110
740,RECMF-6670,YAMATACHI,Rubber Belt (V-Ribbed) YAMATACHI RECMF-6670,CR.AR.067.YAMA,170.2,401032,YAMATACHI r?ng A67,,110
741,RECMF-6680,YAMATACHI,Rubber Belt (V-Ribbed) YAMATACHI RECMF-6680,CR.AR.068.YAMA,172.7,401032,YAMATACHI r?ng A68,,100
742,RECMF-6690,YAMATACHI,Rubber Belt (V-Ribbed) YAMATACHI RECMF-6690,CR.AR.069.YAMA,175.3,401032,YAMATACHI r?ng A69,,100
743,RECMF-6700,YAMATACHI,Rubber Belt (V-Ribbed) YAMATACHI RECMF-6700,CR.AR.070.YAMA,177.8,401032,YAMATACHI r?ng A70,,100
744,RECMF-6710,YAMATACHI,Rubber Belt (V-Ribbed) YAMATACHI RECMF-6710,CR.AR.071.YAMA,180.3,401034,YAMATACHI r?ng A71,,100
745,RECMF-6720,YAMATACHI,Rubber Belt (V-Ribbed) YAMATACHI RECMF-6720,CR.AR.072.YAMA,182.9,401034,YAMATACHI r?ng A72,,100
746,RECMF-6730,YAMATACHI,Rubber Belt (V-Ribbed) YAMATACHI RECMF-6730,CR.AR.073.YAMA,185.4,401034,YAMATACHI r?ng A73,,100
747,RECMF-6740,YAMATACHI,Rubber Belt (V-Ribbed) YAMATACHI RECMF-6740,CR.AR.074.YAMA,188,401034,YAMATACHI r?ng A74,,90
748,RECMF-6750,YAMATACHI,Rubber Belt (V-Ribbed) YAMATACHI RECMF-6750,CR.AR.075.YAMA,190.5,401034,YAMATACHI r?ng A75,,90
749,RECMF-6760,YAMATACHI,Rubber Belt (V-Ribbed) YAMATACHI RECMF-6760,CR.AR.076.YAMA,193,401034,YAMATACHI r?ng A76,,90
750,RECMF-6770,YAMATACHI,Rubber Belt (V-Ribbed) YAMATACHI RECMF-6770,CR.AR.077.YAMA,195.6,401034,YAMATACHI r?ng A77,,90
751,RECMF-6780,YAMATACHI,Rubber Belt (V-Ribbed) YAMATACHI RECMF-6780,CR.AR.078.YAMA,198.1,401034,YAMATACHI r?ng A78,,90
752,RECMF-6790,YAMATACHI,Rubber Belt (V-Ribbed) YAMATACHI RECMF-6790,CR.AR.079.YAMA,200.7,401034,YAMATACHI r?ng A79,,90
753,RECMF-6800,YAMATACHI,Rubber Belt (V-Ribbed) YAMATACHI RECMF-6800,CR.AR.080.YAMA,203.2,401034,YAMATACHI r?ng A80,,90
754,RECMF-81000,YAMATACHI,Rubber Belt (V-Ribbed) YAMATACHI RECMF-81000,CR.BR.100.YAMA,254,401039,YAMATACHI r?ng B100,,40
755,RECMF-81010,YAMATACHI,Rubber Belt (V-Ribbed) YAMATACHI RECMF-81010,CR.BR.101.YAMA,256.5,401039,YAMATACHI r?ng B101,,40
756,RECMF-81020,YAMATACHI,Rubber Belt (V-Ribbed) YAMATACHI RECMF-81020,CR.BR.102.YAMA,259.1,401039,YAMATACHI r?ng B102,,40
757,RECMF-81030,YAMATACHI,Rubber Belt (V-Ribbed) YAMATACHI RECMF-81030,CR.BR.103.YAMA,261.6,401039,YAMATACHI r?ng B103,,40
758,RECMF-81040,YAMATACHI,Rubber Belt (V-Ribbed) YAMATACHI RECMF-81040,CR.BR.104.YAMA,264.2,401039,YAMATACHI r?ng B104,,40
759,RECMF-81050,YAMATACHI,Rubber Belt (V-Ribbed) YAMATACHI RECMF-81050,CR.BR.105.YAMA,266.7,401039,YAMATACHI r?ng B105,,30
760,RECMF-81060,YAMATACHI,Rubber Belt (V-Ribbed) YAMATACHI RECMF-81060,CR.BR.106.YAMA,269.2,401039,YAMATACHI r?ng B106,,30
761,RECMF-81070,YAMATACHI,Rubber Belt (V-Ribbed) YAMATACHI RECMF-81070,CR.BR.107.YAMA,271.8,401039,YAMATACHI r?ng B107,,30
762,RECMF-81080,YAMATACHI,Rubber Belt (V-Ribbed) YAMATACHI RECMF-81080,CR.BR.108.YAMA,274.3,401039,YAMATACHI r?ng B108,,30
763,RECMF-81090,YAMATACHI,Rubber Belt (V-Ribbed) YAMATACHI RECMF-81090,CR.BR.109.YAMA,276.9,401039,YAMATACHI r?ng B109,,30
764,RECMF-81100,YAMATACHI,Rubber Belt (V-Ribbed) YAMATACHI RECMF-81100,CR.BR.110.YAMA,279.4,401039,YAMATACHI r?ng B110,,30
765,RECMF-81110,YAMATACHI,Rubber Belt (V-Ribbed) YAMATACHI RECMF-81110,CR.BR.111.YAMA,281.9,401039,YAMATACHI r?ng B111,,30
766,RECMF-81120,YAMATACHI,Rubber Belt (V-Ribbed) YAMATACHI RECMF-81120,CR.BR.112.YAMA,284.5,401039,YAMATACHI r?ng B112,,30
767,RECMF-81130,YAMATACHI,Rubber Belt (V-Ribbed) YAMATACHI RECMF-81130,CR.BR.113.YAMA,287,401039,YAMATACHI r?ng B113,,30
768,RECMF-81140,YAMATACHI,Rubber Belt (V-Ribbed) YAMATACHI RECMF-81140,CR.BR.114.YAMA,289.6,401039,YAMATACHI r?ng B114,,30
769,RECMF-81150,YAMATACHI,Rubber Belt (V-Ribbed) YAMATACHI RECMF-81150,CR.BR.115.YAMA,292.1,401039,YAMATACHI r?ng B115,,30
770,RECMF-81160,YAMATACHI,Rubber Belt (V-Ribbed) YAMATACHI RECMF-81160,CR.BR.116.YAMA,294.6,401039,YAMATACHI r?ng B116,,30
771,RECMF-81170,YAMATACHI,Rubber Belt (V-Ribbed) YAMATACHI RECMF-81170,CR.BR.117.YAMA,297.2,401039,YAMATACHI r?ng B117,,30
772,RECMF-81180,YAMATACHI,Rubber Belt (V-Ribbed) YAMATACHI RECMF-81180,CR.BR.118.YAMA,299.7,401039,YAMATACHI r?ng B118,,30
773,RECMF-81190,YAMATACHI,Rubber Belt (V-Ribbed) YAMATACHI RECMF-81190,CR.BR.119.YAMA,302.3,401039,YAMATACHI r?ng B119,,30
774,RECMF-81200,YAMATACHI,Rubber Belt (V-Ribbed) YAMATACHI RECMF-81200,CR.BR.120.YAMA,304.8,401039,YAMATACHI r?ng B120,,30
775,RECMF-81210,YAMATACHI,Rubber Belt (V-Ribbed) YAMATACHI RECMF-81210,CR.BR.121.YAMA,307.3,401039,YAMATACHI r?ng B121,,30
776,RECMF-81220,YAMATACHI,Rubber Belt (V-Ribbed) YAMATACHI RECMF-81220,CR.BR.122.YAMA,309.9,401039,YAMATACHI r?ng B122,,30
777,RECMF-81230,YAMATACHI,Rubber Belt (V-Ribbed) YAMATACHI RECMF-81230,CR.BR.123.YAMA,312.4,401039,YAMATACHI r?ng B123,,30
778,RECMF-81240,YAMATACHI,Rubber Belt (V-Ribbed) YAMATACHI RECMF-81240,CR.BR.124.YAMA,315,401039,YAMATACHI r?ng B124,,30
779,RECMF-81250,YAMATACHI,Rubber Belt (V-Ribbed) YAMATACHI RECMF-81250,CR.BR.125.YAMA,317.5,401039,YAMATACHI r?ng B125,,30
780,RECMF-81260,YAMATACHI,Rubber Belt (V-Ribbed) YAMATACHI RECMF-81260,CR.BR.126.YAMA,320,401039,YAMATACHI r?ng B126,,30
781,RECMF-81270,YAMATACHI,Rubber Belt (V-Ribbed) YAMATACHI RECMF-81270,CR.BR.127.YAMA,322.6,401039,YAMATACHI r?ng B127,,30
782,RECMF-81280,YAMATACHI,Rubber Belt (V-Ribbed) YAMATACHI RECMF-81280,CR.BR.128.YAMA,325.1,401039,YAMATACHI r?ng B128,,30
783,RECMF-81290,YAMATACHI,Rubber Belt (V-Ribbed) YAMATACHI RECMF-81290,CR.BR.129.YAMA,327.7,401039,YAMATACHI r?ng B129,,30
784,RECMF-81300,YAMATACHI,Rubber Belt (V-Ribbed) YAMATACHI RECMF-81300,CR.BR.130.YAMA,330.2,401039,YAMATACHI r?ng B130,,30
785,RECMF-81310,YAMATACHI,Rubber Belt (V-Ribbed) YAMATACHI RECMF-81310,CR.BR.131.YAMA,332.7,401039,YAMATACHI r?ng B131,,25
786,RECMF-81320,YAMATACHI,Rubber Belt (V-Ribbed) YAMATACHI RECMF-81320,CR.BR.132.YAMA,335.3,401039,YAMATACHI r?ng B132,,25
787,RECMF-81330,YAMATACHI,Rubber Belt (V-Ribbed) YAMATACHI RECMF-81330,CR.BR.133.YAMA,337.8,401039,YAMATACHI r?ng B133,,25
788,RECMF-81340,YAMATACHI,Rubber Belt (V-Ribbed) YAMATACHI RECMF-81340,CR.BR.134.YAMA,340.4,401039,YAMATACHI r?ng B134,,25
789,RECMF-81350,YAMATACHI,Rubber Belt (V-Ribbed) YAMATACHI RECMF-81350,CR.BR.135.YAMA,342.9,401039,YAMATACHI r?ng B135,,25
790,RECMF-81360,YAMATACHI,Rubber Belt (V-Ribbed) YAMATACHI RECMF-81360,CR.BR.136.YAMA,345.4,401039,YAMATACHI r?ng B136,,25
791,RECMF-81370,YAMATACHI,Rubber Belt (V-Ribbed) YAMATACHI RECMF-81370,CR.BR.137.YAMA,348,401039,YAMATACHI r?ng B137,,25
792,RECMF-81380,YAMATACHI,Rubber Belt (V-Ribbed) YAMATACHI RECMF-81380,CR.BR.138.YAMA,350.5,401039,YAMATACHI r?ng B138,,25
793,RECMF-81390,YAMATACHI,Rubber Belt (V-Ribbed) YAMATACHI RECMF-81390,CR.BR.139.YAMA,353.1,401039,YAMATACHI r?ng B139,,25
794,RECMF-81400,YAMATACHI,Rubber Belt (V-Ribbed) YAMATACHI RECMF-81400,CR.BR.140.YAMA,355.6,401039,YAMATACHI r?ng B140,,25
795,RECMF-81410,YAMATACHI,Rubber Belt (V-Ribbed) YAMATACHI RECMF-81410,CR.BR.141.YAMA,358.1,401039,YAMATACHI r?ng B141,,25
796,RECMF-81420,YAMATACHI,Rubber Belt (V-Ribbed) YAMATACHI RECMF-81420,CR.BR.142.YAMA,360.7,401039,YAMATACHI r?ng B142,,25
797,RECMF-81430,YAMATACHI,Rubber Belt (V-Ribbed) YAMATACHI RECMF-81430,CR.BR.143.YAMA,363.2,401039,YAMATACHI r?ng B143,,25
798,RECMF-81440,YAMATACHI,Rubber Belt (V-Ribbed) YAMATACHI RECMF-81440,CR.BR.144.YAMA,365.8,401039,YAMATACHI r?ng B144,,25
799,RECMF-81450,YAMATACHI,Rubber Belt (V-Ribbed) YAMATACHI RECMF-81450,CR.BR.145.YAMA,368.3,401039,YAMATACHI r?ng B145,,25
800,RECMF-81460,YAMATACHI,Rubber Belt (V-Ribbed) YAMATACHI RECMF-81460,CR.BR.146.YAMA,370.8,401039,YAMATACHI r?ng B146,,25
801,RECMF-81470,YAMATACHI,Rubber Belt (V-Ribbed) YAMATACHI RECMF-81470,CR.BR.147.YAMA,373.4,401039,YAMATACHI r?ng B147,,25
802,RECMF-81480,YAMATACHI,Rubber Belt (V-Ribbed) YAMATACHI RECMF-81480,CR.BR.148.YAMA,375.9,401039,YAMATACHI r?ng B148,,25
803,RECMF-81490,YAMATACHI,Rubber Belt (V-Ribbed) YAMATACHI RECMF-81490,CR.BR.149.YAMA,378.5,401039,YAMATACHI r?ng B149,,25
804,RECMF-81500,YAMATACHI,Rubber Belt (V-Ribbed) YAMATACHI RECMF-81500,CR.BR.150.YAMA,381,401039,YAMATACHI r?ng B150,,20
805,RECMF-81510,YAMATACHI,Rubber Belt (V-Ribbed) YAMATACHI RECMF-81510,CR.BR.151.YAMA,383.5,401039,YAMATACHI r?ng B151,,20
806,RECMF-81520,YAMATACHI,Rubber Belt (V-Ribbed) YAMATACHI RECMF-81520,CR.BR.152.YAMA,386.1,401039,YAMATACHI r?ng B152,,20
807,RECMF-81530,YAMATACHI,Rubber Belt (V-Ribbed) YAMATACHI RECMF-81530,CR.BR.153.YAMA,388.6,401039,YAMATACHI r?ng B153,,20
808,RECMF-81540,YAMATACHI,Rubber Belt (V-Ribbed) YAMATACHI RECMF-81540,CR.BR.154.YAMA,391.2,401039,YAMATACHI r?ng B154,,20
809,RECMF-81550,YAMATACHI,Rubber Belt (V-Ribbed) YAMATACHI RECMF-81550,CR.BR.155.YAMA,393.7,401039,YAMATACHI r?ng B155,,20
810,RECMF-81560,YAMATACHI,Rubber Belt (V-Ribbed) YAMATACHI RECMF-81560,CR.BR.156.YAMA,396.2,401039,YAMATACHI r?ng B156,,20
811,RECMF-81570,YAMATACHI,Rubber Belt (V-Ribbed) YAMATACHI RECMF-81570,CR.BR.157.YAMA,398.8,401039,YAMATACHI r?ng B157,,20
812,RECMF-81580,YAMATACHI,Rubber Belt (V-Ribbed) YAMATACHI RECMF-81580,CR.BR.158.YAMA,401.3,401039,YAMATACHI r?ng B158,,20
813,RECMF-81590,YAMATACHI,Rubber Belt (V-Ribbed) YAMATACHI RECMF-81590,CR.BR.159.YAMA,403.9,401039,YAMATACHI r?ng B159,,20
814,RECMF-81600,YAMATACHI,Rubber Belt (V-Ribbed) YAMATACHI RECMF-81600,CR.BR.160.YAMA,406.4,401039,YAMATACHI r?ng B160,,20
815,RECMF-8250,YAMATACHI,Rubber Belt (V-Ribbed) YAMATACHI RECMF-8250,CR.BR.025.YAMA,63.5,401032,YAMATACHI r?ng B25,,120
816,RECMF-8260,YAMATACHI,Rubber Belt (V-Ribbed) YAMATACHI RECMF-8260,CR.BR.026.YAMA,66,401032,YAMATACHI r?ng B26,,120
817,RECMF-8270,YAMATACHI,Rubber Belt (V-Ribbed) YAMATACHI RECMF-8270,CR.BR.027.YAMA,68.6,401032,YAMATACHI r?ng B27,,120
818,RECMF-8280,YAMATACHI,Rubber Belt (V-Ribbed) YAMATACHI RECMF-8280,CR.BR.028.YAMA,71.1,401032,YAMATACHI r?ng B28,,120
819,RECMF-8290,YAMATACHI,Rubber Belt (V-Ribbed) YAMATACHI RECMF-8290,CR.BR.029.YAMA,73.7,401032,YAMATACHI r?ng B29,,120
820,RECMF-8300,YAMATACHI,Rubber Belt (V-Ribbed) YAMATACHI RECMF-8300,CR.BR.030.YAMA,76.2,401032,YAMATACHI r?ng B30,,100
821,RECMF-8310,YAMATACHI,Rubber Belt (V-Ribbed) YAMATACHI RECMF-8310,CR.BR.031.YAMA,78.7,401032,YAMATACHI r?ng B31,,100
822,RECMF-8320,YAMATACHI,Rubber Belt (V-Ribbed) YAMATACHI RECMF-8320,CR.BR.032.YAMA,81.3,401032,YAMATACHI r?ng B32,,100
823,RECMF-8330,YAMATACHI,Rubber Belt (V-Ribbed) YAMATACHI RECMF-8330,CR.BR.033.YAMA,83.8,401032,YAMATACHI r?ng B33,,100
824,RECMF-8340,YAMATACHI,Rubber Belt (V-Ribbed) YAMATACHI RECMF-8340,CR.BR.034.YAMA,86.4,401032,YAMATACHI r?ng B34,,100
825,RECMF-8350,YAMATACHI,Rubber Belt (V-Ribbed) YAMATACHI RECMF-8350,CR.BR.035.YAMA,88.9,401032,YAMATACHI r?ng B35,,100
826,RECMF-8360,YAMATACHI,Rubber Belt (V-Ribbed) YAMATACHI RECMF-8360,CR.BR.036.YAMA,91.4,401032,YAMATACHI r?ng B36,,80
827,RECMF-8370,YAMATACHI,Rubber Belt (V-Ribbed) YAMATACHI RECMF-8370,CR.BR.037.YAMA,94,401032,YAMATACHI r?ng B37,,80
828,RECMF-8380,YAMATACHI,Rubber Belt (V-Ribbed) YAMATACHI RECMF-8380,CR.BR.038.YAMA,96.5,401032,YAMATACHI r?ng B38,,80
829,RECMF-8390,YAMATACHI,Rubber Belt (V-Ribbed) YAMATACHI RECMF-8390,CR.BR.039.YAMA,99.1,401032,YAMATACHI r?ng B39,,80
830,RECMF-8400,YAMATACHI,Rubber Belt (V-Ribbed) YAMATACHI RECMF-8400,CR.BR.040.YAMA,101.6,401032,YAMATACHI r?ng B40,,80
831,RECMF-8410,YAMATACHI,Rubber Belt (V-Ribbed) YAMATACHI RECMF-8410,CR.BR.041.YAMA,104.1,401032,YAMATACHI r?ng B41,,80
832,RECMF-8420,YAMATACHI,Rubber Belt (V-Ribbed) YAMATACHI RECMF-8420,CR.BR.042.YAMA,106.7,401032,YAMATACHI r?ng B42,,80
833,RECMF-8430,YAMATACHI,Rubber Belt (V-Ribbed) YAMATACHI RECMF-8430,CR.BR.043.YAMA,109.2,401032,YAMATACHI r?ng B43,,80
834,RECMF-8440,YAMATACHI,Rubber Belt (V-Ribbed) YAMATACHI RECMF-8440,CR.BR.044.YAMA,111.8,401032,YAMATACHI r?ng B44,,80
835,RECMF-8450,YAMATACHI,Rubber Belt (V-Ribbed) YAMATACHI RECMF-8450,CR.BR.045.YAMA,114.3,401032,YAMATACHI r?ng B45,,80
836,RECMF-8460,YAMATACHI,Rubber Belt (V-Ribbed) YAMATACHI RECMF-8460,CR.BR.046.YAMA,116.8,401032,YAMATACHI r?ng B46,,70
837,RECMF-8470,YAMATACHI,Rubber Belt (V-Ribbed) YAMATACHI RECMF-8470,CR.BR.047.YAMA,119.4,401032,YAMATACHI r?ng B47,,70
838,RECMF-8480,YAMATACHI,Rubber Belt (V-Ribbed) YAMATACHI RECMF-8480,CR.BR.048.YAMA,121.9,401032,YAMATACHI r?ng B48,,70
839,RECMF-8490,YAMATACHI,Rubber Belt (V-Ribbed) YAMATACHI RECMF-8490,CR.BR.049.YAMA,124.5,401032,YAMATACHI r?ng B49,,70
840,RECMF-8500,YAMATACHI,Rubber Belt (V-Ribbed) YAMATACHI RECMF-8500,CR.BR.050.YAMA,127,401032,YAMATACHI r?ng B50,,70
841,RECMF-8510,YAMATACHI,Rubber Belt (V-Ribbed) YAMATACHI RECMF-8510,CR.BR.051.YAMA,129.5,401032,YAMATACHI r?ng B51,,65
842,RECMF-8520,YAMATACHI,Rubber Belt (V-Ribbed) YAMATACHI RECMF-8520,CR.BR.052.YAMA,132.1,401032,YAMATACHI r?ng B52,,65
843,RECMF-8530,YAMATACHI,Rubber Belt (V-Ribbed) YAMATACHI RECMF-8530,CR.BR.053.YAMA,134.6,401032,YAMATACHI r?ng B53,,65
844,RECMF-8540,YAMATACHI,Rubber Belt (V-Ribbed) YAMATACHI RECMF-8540,CR.BR.054.YAMA,137.2,401032,YAMATACHI r?ng B54,,65
845,RECMF-8550,YAMATACHI,Rubber Belt (V-Ribbed) YAMATACHI RECMF-8550,CR.BR.055.YAMA,139.7,401032,YAMATACHI r?ng B55,,65
846,RECMF-8560,YAMATACHI,Rubber Belt (V-Ribbed) YAMATACHI RECMF-8560,CR.BR.056.YAMA,142.2,401032,YAMATACHI r?ng B56,,60
847,RECMF-8570,YAMATACHI,Rubber Belt (V-Ribbed) YAMATACHI RECMF-8570,CR.BR.057.YAMA,144.8,401032,YAMATACHI r?ng B57,,60
848,RECMF-8580,YAMATACHI,Rubber Belt (V-Ribbed) YAMATACHI RECMF-8580,CR.BR.058.YAMA,147.3,401032,YAMATACHI r?ng B58,,60
849,RECMF-8590,YAMATACHI,Rubber Belt (V-Ribbed) YAMATACHI RECMF-8590,CR.BR.059.YAMA,149.9,401032,YAMATACHI r?ng B59,,60
850,RECMF-8600,YAMATACHI,Rubber Belt (V-Ribbed) YAMATACHI RECMF-8600,CR.BR.060.YAMA,152.4,401032,YAMATACHI r?ng B60,,55
851,RECMF-8610,YAMATACHI,Rubber Belt (V-Ribbed) YAMATACHI RECMF-8610,CR.BR.061.YAMA,154.9,401032,YAMATACHI r?ng B61,,55
852,RECMF-8620,YAMATACHI,Rubber Belt (V-Ribbed) YAMATACHI RECMF-8620,CR.BR.062.YAMA,157.5,401032,YAMATACHI r?ng B62,,55
853,RECMF-8630,YAMATACHI,Rubber Belt (V-Ribbed) YAMATACHI RECMF-8630,CR.BR.063.YAMA,160,401032,YAMATACHI r?ng B63,,55
854,RECMF-8640,YAMATACHI,Rubber Belt (V-Ribbed) YAMATACHI RECMF-8640,CR.BR.064.YAMA,162.6,401032,YAMATACHI r?ng B64,,55
855,RECMF-8650,YAMATACHI,Rubber Belt (V-Ribbed) YAMATACHI RECMF-8650,CR.BR.065.YAMA,165.1,401032,YAMATACHI r?ng B65,,55
856,RECMF-8660,YAMATACHI,Rubber Belt (V-Ribbed) YAMATACHI RECMF-8660,CR.BR.066.YAMA,167.6,401032,YAMATACHI r?ng B66,,55
857,RECMF-8670,YAMATACHI,Rubber Belt (V-Ribbed) YAMATACHI RECMF-8670,CR.BR.067.YAMA,170.2,401032,YAMATACHI r?ng B67,,55
858,RECMF-8680,YAMATACHI,Rubber Belt (V-Ribbed) YAMATACHI RECMF-8680,CR.BR.068.YAMA,172.7,401032,YAMATACHI r?ng B68,,55
859,RECMF-8690,YAMATACHI,Rubber Belt (V-Ribbed) YAMATACHI RECMF-8690,CR.BR.069.YAMA,175.3,401032,YAMATACHI r?ng B69,,55
860,RECMF-8700,YAMATACHI,Rubber Belt (V-Ribbed) YAMATACHI RECMF-8700,CR.BR.070.YAMA,177.8,401032,YAMATACHI r?ng B70,,50
861,RECMF-8710,YAMATACHI,Rubber Belt (V-Ribbed) YAMATACHI RECMF-8710,CR.BR.071.YAMA,180.3,401034,YAMATACHI r?ng B71,,50
862,RECMF-8720,YAMATACHI,Rubber Belt (V-Ribbed) YAMATACHI RECMF-8720,CR.BR.072.YAMA,182.9,401034,YAMATACHI r?ng B72,,50
863,RECMF-8730,YAMATACHI,Rubber Belt (V-Ribbed) YAMATACHI RECMF-8730,CR.BR.073.YAMA,185.4,401034,YAMATACHI r?ng B73,,50
864,RECMF-8740,YAMATACHI,Rubber Belt (V-Ribbed) YAMATACHI RECMF-8740,CR.BR.074.YAMA,188,401034,YAMATACHI r?ng B74,,50
865,RECMF-8750,YAMATACHI,Rubber Belt (V-Ribbed) YAMATACHI RECMF-8750,CR.BR.075.YAMA,190.5,401034,YAMATACHI r?ng B75,,50
866,RECMF-8760,YAMATACHI,Rubber Belt (V-Ribbed) YAMATACHI RECMF-8760,CR.BR.076.YAMA,193,401034,YAMATACHI r?ng B76,,50
867,RECMF-8770,YAMATACHI,Rubber Belt (V-Ribbed) YAMATACHI RECMF-8770,CR.BR.077.YAMA,195.6,401034,YAMATACHI r?ng B77,,50
868,RECMF-8780,YAMATACHI,Rubber Belt (V-Ribbed) YAMATACHI RECMF-8780,CR.BR.078.YAMA,198.1,401034,YAMATACHI r?ng B78,,50
869,RECMF-8790,YAMATACHI,Rubber Belt (V-Ribbed) YAMATACHI RECMF-8790,CR.BR.079.YAMA,200.7,401034,YAMATACHI r?ng B79,,50
870,RECMF-8800,YAMATACHI,Rubber Belt (V-Ribbed) YAMATACHI RECMF-8800,CR.BR.080.YAMA,203.2,401034,YAMATACHI r?ng B80,,45
871,RECMF-8810,YAMATACHI,Rubber Belt (V-Ribbed) YAMATACHI RECMF-8810,CR.BR.081.YAMA,205.7,401034,YAMATACHI r?ng B81,,45
872,RECMF-8820,YAMATACHI,Rubber Belt (V-Ribbed) YAMATACHI RECMF-8820,CR.BR.082.YAMA,208.3,401034,YAMATACHI r?ng B82,,45
873,RECMF-8830,YAMATACHI,Rubber Belt (V-Ribbed) YAMATACHI RECMF-8830,CR.BR.083.YAMA,210.8,401034,YAMATACHI r?ng B83,,45
874,RECMF-8840,YAMATACHI,Rubber Belt (V-Ribbed) YAMATACHI RECMF-8840,CR.BR.084.YAMA,213.4,401034,YAMATACHI r?ng B84,,45
875,RECMF-8850,YAMATACHI,Rubber Belt (V-Ribbed) YAMATACHI RECMF-8850,CR.BR.085.YAMA,215.9,401034,YAMATACHI r?ng B85,,45
876,RECMF-8860,YAMATACHI,Rubber Belt (V-Ribbed) YAMATACHI RECMF-8860,CR.BR.086.YAMA,218.4,401034,YAMATACHI r?ng B86,,45
877,RECMF-8870,YAMATACHI,Rubber Belt (V-Ribbed) YAMATACHI RECMF-8870,CR.BR.087.YAMA,221,401034,YAMATACHI r?ng B87,,45
878,RECMF-8880,YAMATACHI,Rubber Belt (V-Ribbed) YAMATACHI RECMF-8880,CR.BR.088.YAMA,223.5,401034,YAMATACHI r?ng B88,,45
879,RECMF-8890,YAMATACHI,Rubber Belt (V-Ribbed) YAMATACHI RECMF-8890,CR.BR.089.YAMA,226.1,401034,YAMATACHI r?ng B89,,45
880,RECMF-8900,YAMATACHI,Rubber Belt (V-Ribbed) YAMATACHI RECMF-8900,CR.BR.090.YAMA,228.6,401034,YAMATACHI r?ng B90,,45
881,RECMF-8910,YAMATACHI,Rubber Belt (V-Ribbed) YAMATACHI RECMF-8910,CR.BR.091.YAMA,231.1,401034,YAMATACHI r?ng B91,,40
882,RECMF-8920,YAMATACHI,Rubber Belt (V-Ribbed) YAMATACHI RECMF-8920,CR.BR.092.YAMA,233.7,401034,YAMATACHI r?ng B92,,40
883,RECMF-8930,YAMATACHI,Rubber Belt (V-Ribbed) YAMATACHI RECMF-8930,CR.BR.093.YAMA,236.2,401034,YAMATACHI r?ng B93,,40
884,RECMF-8940,YAMATACHI,Rubber Belt (V-Ribbed) YAMATACHI RECMF-8940,CR.BR.094.YAMA,238.8,401034,YAMATACHI r?ng B94,,40
885,RECMF-8950,YAMATACHI,Rubber Belt (V-Ribbed) YAMATACHI RECMF-8950,CR.BR.095.YAMA,241.3,401039,YAMATACHI r?ng B95,,40
886,RECMF-8960,YAMATACHI,Rubber Belt (V-Ribbed) YAMATACHI RECMF-8960,CR.BR.096.YAMA,243.8,401039,YAMATACHI r?ng B96,,40
887,RECMF-8970,YAMATACHI,Rubber Belt (V-Ribbed) YAMATACHI RECMF-8970,CR.BR.097.YAMA,246.4,401039,YAMATACHI r?ng B97,,40
888,RECMF-8980,YAMATACHI,Rubber Belt (V-Ribbed) YAMATACHI RECMF-8980,CR.BR.098.YAMA,248.9,401039,YAMATACHI r?ng B98,,40
889,RECMF-8990,YAMATACHI,Rubber Belt (V-Ribbed) YAMATACHI RECMF-8990,CR.BR.099.YAMA,251.5,401039,YAMATACHI r?ng B99,,40
890,RECMF-91000,YAMATACHI,Rubber Belt (V-Ribbed) YAMATACHI RECMF-91000,CR.CR.100.YAMA,254,401039,YAMATACHI r?ng C100,,25
891,RECMF-91010,YAMATACHI,Rubber Belt (V-Ribbed) YAMATACHI RECMF-91010,CR.CR.101.YAMA,256.5,401039,YAMATACHI r?ng C101,,25
892,RECMF-91020,YAMATACHI,Rubber Belt (V-Ribbed) YAMATACHI RECMF-91020,CR.CR.102.YAMA,259.1,401039,YAMATACHI r?ng C102,,25
893,RECMF-91030,YAMATACHI,Rubber Belt (V-Ribbed) YAMATACHI RECMF-91030,CR.CR.103.YAMA,261.6,401039,YAMATACHI r?ng C103,,25
894,RECMF-91040,YAMATACHI,Rubber Belt (V-Ribbed) YAMATACHI RECMF-91040,CR.CR.104.YAMA,264.2,401039,YAMATACHI r?ng C104,,25
895,RECMF-91050,YAMATACHI,Rubber Belt (V-Ribbed) YAMATACHI RECMF-91050,CR.CR.105.YAMA,266.7,401039,YAMATACHI r?ng C105,,20
896,RECMF-91060,YAMATACHI,Rubber Belt (V-Ribbed) YAMATACHI RECMF-91060,CR.CR.106.YAMA,269.2,401039,YAMATACHI r?ng C106,,20
897,RECMF-91070,YAMATACHI,Rubber Belt (V-Ribbed) YAMATACHI RECMF-91070,CR.CR.107.YAMA,271.8,401039,YAMATACHI r?ng C107,,20
898,RECMF-91080,YAMATACHI,Rubber Belt (V-Ribbed) YAMATACHI RECMF-91080,CR.CR.108.YAMA,274.3,401039,YAMATACHI r?ng C108,,20
899,RECMF-91090,YAMATACHI,Rubber Belt (V-Ribbed) YAMATACHI RECMF-91090,CR.CR.109.YAMA,276.9,401039,YAMATACHI r?ng C109,,20
900,RECMF-91100,YAMATACHI,Rubber Belt (V-Ribbed) YAMATACHI RECMF-91100,CR.CR.110.YAMA,279.4,401039,YAMATACHI r?ng C110,,20
901,RECMF-9400,YAMATACHI,Rubber Belt (V-Ribbed) YAMATACHI RECMF-9400,CR.CR.040.YAMA,101.6,401032,YAMATACHI r?ng C40,,60
902,RECMF-9410,YAMATACHI,Rubber Belt (V-Ribbed) YAMATACHI RECMF-9410,CR.CR.041.YAMA,104.1,401032,YAMATACHI r?ng C41,,60
903,RECMF-9420,YAMATACHI,Rubber Belt (V-Ribbed) YAMATACHI RECMF-9420,CR.CR.042.YAMA,106.7,401032,YAMATACHI r?ng C42,,60
904,RECMF-9430,YAMATACHI,Rubber Belt (V-Ribbed) YAMATACHI RECMF-9430,CR.CR.043.YAMA,109.2,401032,YAMATACHI r?ng C43,,60
905,RECMF-9440,YAMATACHI,Rubber Belt (V-Ribbed) YAMATACHI RECMF-9440,CR.CR.044.YAMA,111.8,401032,YAMATACHI r?ng C44,,60
906,RECMF-9450,YAMATACHI,Rubber Belt (V-Ribbed) YAMATACHI RECMF-9450,CR.CR.045.YAMA,114.3,401032,YAMATACHI r?ng C45,,60
907,RECMF-9460,YAMATACHI,Rubber Belt (V-Ribbed) YAMATACHI RECMF-9460,CR.CR.046.YAMA,116.8,401032,YAMATACHI r?ng C46,,60
908,RECMF-9470,YAMATACHI,Rubber Belt (V-Ribbed) YAMATACHI RECMF-9470,CR.CR.047.YAMA,119.4,401032,YAMATACHI r?ng C47,,60
909,RECMF-9480,YAMATACHI,Rubber Belt (V-Ribbed) YAMATACHI RECMF-9480,CR.CR.048.YAMA,121.9,401032,YAMATACHI r?ng C48,,60
910,RECMF-9490,YAMATACHI,Rubber Belt (V-Ribbed) YAMATACHI RECMF-9490,CR.CR.049.YAMA,124.5,401032,YAMATACHI r?ng C49,,60
911,RECMF-9500,YAMATACHI,Rubber Belt (V-Ribbed) YAMATACHI RECMF-9500,CR.CR.050.YAMA,127,401032,YAMATACHI r?ng C50,,60
912,RECMF-9510,YAMATACHI,Rubber Belt (V-Ribbed) YAMATACHI RECMF-9510,CR.CR.051.YAMA,129.5,401032,YAMATACHI r?ng C51,,50
913,RECMF-9520,YAMATACHI,Rubber Belt (V-Ribbed) YAMATACHI RECMF-9520,CR.CR.052.YAMA,132.1,401032,YAMATACHI r?ng C52,,50
914,RECMF-9530,YAMATACHI,Rubber Belt (V-Ribbed) YAMATACHI RECMF-9530,CR.CR.053.YAMA,134.6,401032,YAMATACHI r?ng C53,,50
915,RECMF-9540,YAMATACHI,Rubber Belt (V-Ribbed) YAMATACHI RECMF-9540,CR.CR.054.YAMA,137.2,401032,YAMATACHI r?ng C54,,50
916,RECMF-9550,YAMATACHI,Rubber Belt (V-Ribbed) YAMATACHI RECMF-9550,CR.CR.055.YAMA,139.7,401032,YAMATACHI r?ng C55,,50
917,RECMF-9560,YAMATACHI,Rubber Belt (V-Ribbed) YAMATACHI RECMF-9560,CR.CR.056.YAMA,142.2,401032,YAMATACHI r?ng C56,,50
918,RECMF-9570,YAMATACHI,Rubber Belt (V-Ribbed) YAMATACHI RECMF-9570,CR.CR.057.YAMA,144.8,401032,YAMATACHI r?ng C57,,50
919,RECMF-9580,YAMATACHI,Rubber Belt (V-Ribbed) YAMATACHI RECMF-9580,CR.CR.058.YAMA,147.3,401032,YAMATACHI r?ng C58,,50
920,RECMF-9590,YAMATACHI,Rubber Belt (V-Ribbed) YAMATACHI RECMF-9590,CR.CR.059.YAMA,149.9,401032,YAMATACHI r?ng C59,,50
921,RECMF-9600,YAMATACHI,Rubber Belt (V-Ribbed) YAMATACHI RECMF-9600,CR.CR.060.YAMA,152.4,401032,YAMATACHI r?ng C60,,50
922,RECMF-9610,YAMATACHI,Rubber Belt (V-Ribbed) YAMATACHI RECMF-9610,CR.CR.061.YAMA,154.9,401032,YAMATACHI r?ng C61,,40
923,RECMF-9620,YAMATACHI,Rubber Belt (V-Ribbed) YAMATACHI RECMF-9620,CR.CR.062.YAMA,157.5,401032,YAMATACHI r?ng C62,,40
924,RECMF-9630,YAMATACHI,Rubber Belt (V-Ribbed) YAMATACHI RECMF-9630,CR.CR.063.YAMA,160,401032,YAMATACHI r?ng C63,,40
925,RECMF-9640,YAMATACHI,Rubber Belt (V-Ribbed) YAMATACHI RECMF-9640,CR.CR.064.YAMA,162.6,401032,YAMATACHI r?ng C64,,40
926,RECMF-9640,YAMATACHI SILVER,Rubber Belt (V-Ribbed) YAMATACHI SILVER RECMF-9640,CR.CR.064.YAMA.SILVER,162.6,401032,YAMATACHI r?ng C64 B?C,,35
927,RECMF-9650,YAMATACHI,Rubber Belt (V-Ribbed) YAMATACHI RECMF-9650,CR.CR.065.YAMA,165.1,401032,YAMATACHI r?ng C65,,40
928,RECMF-9660,YAMATACHI,Rubber Belt (V-Ribbed) YAMATACHI RECMF-9660,CR.CR.066.YAMA,167.6,401032,YAMATACHI r?ng C66,,40
929,RECMF-9670,YAMATACHI,Rubber Belt (V-Ribbed) YAMATACHI RECMF-9670,CR.CR.067.YAMA,170.2,401032,YAMATACHI r?ng C67,,40
930,RECMF-9680,YAMATACHI,Rubber Belt (V-Ribbed) YAMATACHI RECMF-9680,CR.CR.068.YAMA,172.7,401032,YAMATACHI r?ng C68,,40
931,RECMF-9690,YAMATACHI,Rubber Belt (V-Ribbed) YAMATACHI RECMF-9690,CR.CR.069.YAMA,175.3,401032,YAMATACHI r?ng C69,,40
932,RECMF-9700,YAMATACHI,Rubber Belt (V-Ribbed) YAMATACHI RECMF-9700,CR.CR.070.YAMA,177.8,401032,YAMATACHI r?ng C70,,40
933,RECMF-9710,YAMATACHI,Rubber Belt (V-Ribbed) YAMATACHI RECMF-9710,CR.CR.071.YAMA,180.3,401034,YAMATACHI r?ng C71,,40
934,RECMF-9720,YAMATACHI,Rubber Belt (V-Ribbed) YAMATACHI RECMF-9720,CR.CR.072.YAMA,182.9,401034,YAMATACHI r?ng C72,,40
935,RECMF-9730,YAMATACHI,Rubber Belt (V-Ribbed) YAMATACHI RECMF-9730,CR.CR.073.YAMA,185.4,401034,YAMATACHI r?ng C73,,40
936,RECMF-9740,YAMATACHI,Rubber Belt (V-Ribbed) YAMATACHI RECMF-9740,CR.CR.074.YAMA,188,401034,YAMATACHI r?ng C74,,30
937,RECMF-9750,YAMATACHI,Rubber Belt (V-Ribbed) YAMATACHI RECMF-9750,CR.CR.075.YAMA,190.5,401034,YAMATACHI r?ng C75,,30
938,RECMF-9750,YAMATACHI SILVER,Rubber Belt (V-Ribbed) YAMATACHI SILVER RECMF-9750,CR.CR.075.YAMA.SILVER,190.5,401034,YAMATACHI r?ng C75 B?C,,35
939,RECMF-9760,YAMATACHI,Rubber Belt (V-Ribbed) YAMATACHI RECMF-9760,CR.CR.076.YAMA,193,401034,YAMATACHI r?ng C76,,30
940,RECMF-9770,YAMATACHI,Rubber Belt (V-Ribbed) YAMATACHI RECMF-9770,CR.CR.077.YAMA,195.6,401034,YAMATACHI r?ng C77,,30
941,RECMF-9780,YAMATACHI,Rubber Belt (V-Ribbed) YAMATACHI RECMF-9780,CR.CR.078.YAMA,198.1,401034,YAMATACHI r?ng C78,,30
942,RECMF-9780,YAMATACHI SILVER,Rubber Belt (V-Ribbed) YAMATACHI SILVER RECMF-9780,CR.CR.078.YAMA.SILVER,198.1,401034,YAMATACHI r?ng C78 B?C,,35
943,RECMF-9790,YAMATACHI,Rubber Belt (V-Ribbed) YAMATACHI RECMF-9790,CR.CR.079.YAMA,200.7,401034,YAMATACHI r?ng C79,,30
944,RECMF-9800,YAMATACHI,Rubber Belt (V-Ribbed) YAMATACHI RECMF-9800,CR.CR.080.YAMA,203.2,401034,YAMATACHI r?ng C80,,30
945,RECMF-9810,YAMATACHI,Rubber Belt (V-Ribbed) YAMATACHI RECMF-9810,CR.CR.081.YAMA,205.7,401034,YAMATACHI r?ng C81,,30
946,RECMF-9820,YAMATACHI,Rubber Belt (V-Ribbed) YAMATACHI RECMF-9820,CR.CR.082.YAMA,208.3,401034,YAMATACHI r?ng C82,,30
947,RECMF-9830,YAMATACHI,Rubber Belt (V-Ribbed) YAMATACHI RECMF-9830,CR.CR.083.YAMA,210.8,401034,YAMATACHI r?ng C83,,30
948,RECMF-9840,YAMATACHI,Rubber Belt (V-Ribbed) YAMATACHI RECMF-9840,CR.CR.084.YAMA,213.4,401034,YAMATACHI r?ng C84,,30
949,RECMF-9850,YAMATACHI,Rubber Belt (V-Ribbed) YAMATACHI RECMF-9850,CR.CR.085.YAMA,215.9,401034,YAMATACHI r?ng C85,,30
950,RECMF-9860,YAMATACHI,Rubber Belt (V-Ribbed) YAMATACHI RECMF-9860,CR.CR.086.YAMA,218.4,401034,YAMATACHI r?ng C86,,30
951,RECMF-9870,YAMATACHI,Rubber Belt (V-Ribbed) YAMATACHI RECMF-9870,CR.CR.087.YAMA,221,401034,YAMATACHI r?ng C87,,30
952,RECMF-9880,YAMATACHI,Rubber Belt (V-Ribbed) YAMATACHI RECMF-9880,CR.CR.088.YAMA,223.5,401034,YAMATACHI r?ng C88,,30
953,RECMF-9890,YAMATACHI,Rubber Belt (V-Ribbed) YAMATACHI RECMF-9890,CR.CR.089.YAMA,226.1,401034,YAMATACHI r?ng C89,,30
954,RECMF-9900,YAMATACHI,Rubber Belt (V-Ribbed) YAMATACHI RECMF-9900,CR.CR.090.YAMA,228.6,401034,YAMATACHI r?ng C90,,30
955,RECMF-9910,YAMATACHI,Rubber Belt (V-Ribbed) YAMATACHI RECMF-9910,CR.CR.091.YAMA,231.1,401034,YAMATACHI r?ng C91,,25
956,RECMF-9920,YAMATACHI,Rubber Belt (V-Ribbed) YAMATACHI RECMF-9920,CR.CR.092.YAMA,233.7,401034,YAMATACHI r?ng C92,,25
957,RECMF-9930,YAMATACHI,Rubber Belt (V-Ribbed) YAMATACHI RECMF-9930,CR.CR.093.YAMA,236.2,401034,YAMATACHI r?ng C93,,25
958,RECMF-9940,YAMATACHI,Rubber Belt (V-Ribbed) YAMATACHI RECMF-9940,CR.CR.094.YAMA,238.8,401034,YAMATACHI r?ng C94,,25
959,RECMF-9950,YAMATACHI,Rubber Belt (V-Ribbed) YAMATACHI RECMF-9950,CR.CR.095.YAMA,241.3,401039,YAMATACHI r?ng C95,,25
960,RECMF-9960,YAMATACHI,Rubber Belt (V-Ribbed) YAMATACHI RECMF-9960,CR.CR.096.YAMA,243.8,401039,YAMATACHI r?ng C96,,25
961,RECMF-9970,YAMATACHI,Rubber Belt (V-Ribbed) YAMATACHI RECMF-9970,CR.CR.097.YAMA,246.4,401039,YAMATACHI r?ng C97,,25
962,RECMF-9980,YAMATACHI,Rubber Belt (V-Ribbed) YAMATACHI RECMF-9980,CR.CR.098.YAMA,248.9,401039,YAMATACHI r?ng C98,,25
963,RECMF-9990,YAMATACHI,Rubber Belt (V-Ribbed) YAMATACHI RECMF-9990,CR.CR.099.YAMA,251.5,401039,YAMATACHI r?ng C99,,25
964,RECMF-1300,YAMATACHI,Rubber Belt (V-Ribbed) YAMATACHI RECMF-1300,CR.FMR.030.YAMA,76.2,401032,YAMATACHI r?ng FM30,,200
965,RECMF-1310,YAMATACHI,Rubber Belt (V-Ribbed) YAMATACHI RECMF-1310,CR.FMR.031.YAMA,78.7,401032,YAMATACHI r?ng FM31,,200
966,RECMF-1320,YAMATACHI,Rubber Belt (V-Ribbed) YAMATACHI RECMF-1320,CR.FMR.032.YAMA,81.3,401032,YAMATACHI r?ng FM32,,200
967,RECMF-1330,YAMATACHI,Rubber Belt (V-Ribbed) YAMATACHI RECMF-1330,CR.FMR.033.YAMA,83.8,401032,YAMATACHI r?ng FM33,,200
968,RECMF-1340,YAMATACHI,Rubber Belt (V-Ribbed) YAMATACHI RECMF-1340,CR.FMR.034.YAMA,86.4,401032,YAMATACHI r?ng FM34,,200
969,RECMF-1350,YAMATACHI,Rubber Belt (V-Ribbed) YAMATACHI RECMF-1350,CR.FMR.035.YAMA,88.9,401032,YAMATACHI r?ng FM35,,200
970,RECMF-1360,YAMATACHI,Rubber Belt (V-Ribbed) YAMATACHI RECMF-1360,CR.FMR.036.YAMA,91.4,401032,YAMATACHI r?ng FM36,,200
971,RECMF-1370,YAMATACHI,Rubber Belt (V-Ribbed) YAMATACHI RECMF-1370,CR.FMR.037.YAMA,94,401032,YAMATACHI r?ng FM37,,200
972,RECMF-1380,YAMATACHI,Rubber Belt (V-Ribbed) YAMATACHI RECMF-1380,CR.FMR.038.YAMA,96.5,401032,YAMATACHI r?ng FM38,,200
973,RECMF-1390,YAMATACHI,Rubber Belt (V-Ribbed) YAMATACHI RECMF-1390,CR.FMR.039.YAMA,99.1,401032,YAMATACHI r?ng FM39,,200
974,RECMF-1400,YAMATACHI,Rubber Belt (V-Ribbed) YAMATACHI RECMF-1400,CR.FMR.040.YAMA,101.6,401032,YAMATACHI r?ng FM40,,200
975,RECMF-1410,YAMATACHI,Rubber Belt (V-Ribbed) YAMATACHI RECMF-1410,CR.FMR.041.YAMA,104.1,401032,YAMATACHI r?ng FM41,,200
976,RECMF-1420,YAMATACHI,Rubber Belt (V-Ribbed) YAMATACHI RECMF-1420,CR.FMR.042.YAMA,106.7,401032,YAMATACHI r?ng FM42,,200
977,RECMF-1430,YAMATACHI,Rubber Belt (V-Ribbed) YAMATACHI RECMF-1430,CR.FMR.043.YAMA,109.2,401032,YAMATACHI r?ng FM43,,200
978,RECMF-1440,YAMATACHI,Rubber Belt (V-Ribbed) YAMATACHI RECMF-1440,CR.FMR.044.YAMA,111.8,401032,YAMATACHI r?ng FM44,,200
979,RECMF-1450,YAMATACHI,Rubber Belt (V-Ribbed) YAMATACHI RECMF-1450,CR.FMR.045.YAMA,114.3,401032,YAMATACHI r?ng FM45,,200
980,RECMF-1460,YAMATACHI,Rubber Belt (V-Ribbed) YAMATACHI RECMF-1460,CR.FMR.046.YAMA,116.8,401032,YAMATACHI r?ng FM46,,200
981,RECMF-1470,YAMATACHI,Rubber Belt (V-Ribbed) YAMATACHI RECMF-1470,CR.FMR.047.YAMA,119.4,401032,YAMATACHI r?ng FM47,,200
982,RECMF-1480,YAMATACHI,Rubber Belt (V-Ribbed) YAMATACHI RECMF-1480,CR.FMR.048.YAMA,121.9,401032,YAMATACHI r?ng FM48,,200
983,RECMF-1490,YAMATACHI,Rubber Belt (V-Ribbed) YAMATACHI RECMF-1490,CR.FMR.049.YAMA,124.5,401032,YAMATACHI r?ng FM49,,200
984,RECMF-1500,YAMATACHI,Rubber Belt (V-Ribbed) YAMATACHI RECMF-1500,CR.FMR.050.YAMA,127,401032,YAMATACHI r?ng FM50,,200
985,RECMF-1510,YAMATACHI,Rubber Belt (V-Ribbed) YAMATACHI RECMF-1510,CR.FMR.051.YAMA,129.5,401032,YAMATACHI r?ng FM51,,200
986,RECMF-1520,YAMATACHI,Rubber Belt (V-Ribbed) YAMATACHI RECMF-1520,CR.FMR.052.YAMA,132.1,401032,YAMATACHI r?ng FM52,,200
987,RECMF-1530,YAMATACHI,Rubber Belt (V-Ribbed) YAMATACHI RECMF-1530,CR.FMR.053.YAMA,134.6,401032,YAMATACHI r?ng FM53,,200
988,RECMF-1540,YAMATACHI,Rubber Belt (V-Ribbed) YAMATACHI RECMF-1540,CR.FMR.054.YAMA,137.2,401032,YAMATACHI r?ng FM54,,200
989,RECMF-1550,YAMATACHI,Rubber Belt (V-Ribbed) YAMATACHI RECMF-1550,CR.FMR.055.YAMA,139.7,401032,YAMATACHI r?ng FM55,,185
990,RECMF-1560,YAMATACHI,Rubber Belt (V-Ribbed) YAMATACHI RECMF-1560,CR.FMR.056.YAMA,142.2,401032,YAMATACHI r?ng FM56,,185
991,RECMF-1570,YAMATACHI,Rubber Belt (V-Ribbed) YAMATACHI RECMF-1570,CR.FMR.057.YAMA,144.8,401032,YAMATACHI r?ng FM57,,185
992,RECMF-1580,YAMATACHI,Rubber Belt (V-Ribbed) YAMATACHI RECMF-1580,CR.FMR.058.YAMA,147.3,401032,YAMATACHI r?ng FM58,,185
993,RECMF-1590,YAMATACHI,Rubber Belt (V-Ribbed) YAMATACHI RECMF-1590,CR.FMR.059.YAMA,149.9,401032,YAMATACHI r?ng FM59,,185
994,8V1600,YAMATACHI,Rubber V Belt YAMATACHI 8V1600,CR.8VT.1600.YAMA,406.4,401039,YAMATACHI tr?n 8V1600,,10
995,8V1650/24,YAMATACHI,Rubber V Belt YAMATACHI 8V1650/24,CR.8VT.1650/24.YAMA,419.1,401039,YAMATACHI tr?n 8V1650/24,,10
996,8V1700,YAMATACHI,Rubber V Belt YAMATACHI 8V1700,CR.8VT.1700.YAMA,431.8,401039,YAMATACHI tr?n 8V1700,,10
997,8V1750,YAMATACHI,Rubber V Belt YAMATACHI 8V1750,CR.8VT.1750.YAMA,444.5,401039,YAMATACHI tr?n 8V1750,,9
998,8V1800,YAMATACHI,Rubber V Belt YAMATACHI 8V1800,CR.8VT.1800.YAMA,457.2,401039,YAMATACHI tr?n 8V1800,,9
999,8V1900,YAMATACHI,Rubber V Belt YAMATACHI 8V1900,CR.8VT.1900.YAMA,482.6,401039,YAMATACHI tr?n 8V1900,,9
1000,8V2000,YAMATACHI,Rubber V Belt YAMATACHI 8V2000,CR.8VT.2000.YAMA,508,401039,YAMATACHI tr?n 8V2000,,8
1001,8V2100,YAMATACHI,Rubber V Belt YAMATACHI 8V2100,CR.8VT.2100.YAMA,533.4,401039,YAMATACHI tr?n 8V2100,,8
1002,8V2120,YAMATACHI,Rubber V Belt YAMATACHI 8V2120,CR.8VT.2120.YAMA,538.5,401039,YAMATACHI tr?n 8V2120,,8
1003,8V2200,YAMATACHI,Rubber V Belt YAMATACHI 8V2200,CR.8VT.2200.YAMA,558.8,401039,YAMATACHI tr?n 8V2200,,8
1004,8V2240,YAMATACHI,Rubber V Belt YAMATACHI 8V2240,CR.8VT.2240.YAMA,569,401039,YAMATACHI tr?n 8V2240,,8
1005,8V2400,YAMATACHI,Rubber V Belt YAMATACHI 8V2400,CR.8VT.2400.YAMA,609.6,401039,YAMATACHI tr?n 8V2400,,7
1006,8V2500,YAMATACHI,Rubber V Belt YAMATACHI 8V2500,CR.8VT.2500.YAMA,635,401039,YAMATACHI tr?n 8V2500,,7
1007,8V2800,YAMATACHI,Rubber V Belt YAMATACHI 8V2800,CR.8VT.2800.YAMA,711.2,401039,YAMATACHI tr?n 8V2800,,7
1008,A20,YAMATACHI,Rubber V Belt YAMATACHI A20,CR.AT.020.YAMA,50.8,401039,YAMATACHI tr?n A20,,400
1009,A21,YAMATACHI,Rubber V Belt YAMATACHI A21,CR.AT.021.YAMA,53.3,401039,YAMATACHI tr?n A21,,400
1010,A22,YAMATACHI,Rubber V Belt YAMATACHI A22,CR.AT.022.YAMA,55.9,401039,YAMATACHI tr?n A22,,350
1011,A23,YAMATACHI,Rubber V Belt YAMATACHI A23,CR.AT.023.YAMA,58.4,401039,YAMATACHI tr?n A23,,350
1012,A24,YAMATACHI,Rubber V Belt YAMATACHI A24,CR.AT.024.YAMA,61,401032,YAMATACHI tr?n A24,,350
1013,A25,YAMATACHI,Rubber V Belt YAMATACHI A25,CR.AT.025.YAMA,63.5,401032,YAMATACHI tr?n A25,,300
1014,A26,YAMATACHI,Rubber V Belt YAMATACHI A26,CR.AT.026.YAMA,66,401032,YAMATACHI tr?n A26,,300
1015,A27,YAMATACHI,Rubber V Belt YAMATACHI A27,CR.AT.027.YAMA,68.6,401032,YAMATACHI tr?n A27,,300
1016,A28,YAMATACHI,Rubber V Belt YAMATACHI A28,CR.AT.028.YAMA,71.1,401032,YAMATACHI tr?n A28,,300
1017,A29,YAMATACHI,Rubber V Belt YAMATACHI A29,CR.AT.029.YAMA,73.7,401032,YAMATACHI tr?n A29,,300
1018,A30,YAMATACHI,Rubber V Belt YAMATACHI A30,CR.AT.030.YAMA,76.2,401032,YAMATACHI tr?n A30,,250
1019,A31,YAMATACHI,Rubber V Belt YAMATACHI A31,CR.AT.031.YAMA,78.7,401032,YAMATACHI tr?n A31,,250
1020,A32,YAMATACHI,Rubber V Belt YAMATACHI A32,CR.AT.032.YAMA,81.3,401032,YAMATACHI tr?n A32,,250
1021,A33,YAMATACHI,Rubber V Belt YAMATACHI A33,CR.AT.033.YAMA,83.8,401032,YAMATACHI tr?n A33,,250
1022,A34,YAMATACHI,Rubber V Belt YAMATACHI A34,CR.AT.034.YAMA,86.4,401032,YAMATACHI tr?n A34,,250
1023,A35,YAMATACHI,Rubber V Belt YAMATACHI A35,CR.AT.035.YAMA,88.9,401032,YAMATACHI tr?n A35,,250
1024,A36,YAMATACHI,Rubber V Belt YAMATACHI A36,CR.AT.036.YAMA,91.4,401032,YAMATACHI tr?n A36,,200
1025,A37,YAMATACHI,Rubber V Belt YAMATACHI A37,CR.AT.037.YAMA,94,401032,YAMATACHI tr?n A37,,200
1026,A38,YAMATACHI,Rubber V Belt YAMATACHI A38,CR.AT.038.YAMA,96.5,401032,YAMATACHI tr?n A38,,200
1027,A39,YAMATACHI,Rubber V Belt YAMATACHI A39,CR.AT.039.YAMA,99.1,401032,YAMATACHI tr?n A39,,200
1028,A40,YAMATACHI,Rubber V Belt YAMATACHI A40,CR.AT.040.YAMA,101.6,401032,YAMATACHI tr?n A40,,200
1029,A41,YAMATACHI,Rubber V Belt YAMATACHI A41,CR.AT.041.YAMA,104.1,401032,YAMATACHI tr?n A41,,200
1030,A42,YAMATACHI,Rubber V Belt YAMATACHI A42,CR.AT.042.YAMA,106.7,401032,YAMATACHI tr?n A42,,200
1031,A43,YAMATACHI,Rubber V Belt YAMATACHI A43,CR.AT.043.YAMA,109.2,401032,YAMATACHI tr?n A43,,200
1032,A44,YAMATACHI,Rubber V Belt YAMATACHI A44,CR.AT.044.YAMA,111.8,401032,YAMATACHI tr?n A44,,180
1033,A45,YAMATACHI,Rubber V Belt YAMATACHI A45,CR.AT.045.YAMA,114.3,401032,YAMATACHI tr?n A45,,180
1034,A46,YAMATACHI,Rubber V Belt YAMATACHI A46,CR.AT.046.YAMA,116.8,401032,YAMATACHI tr?n A46,,180
1035,A47,YAMATACHI,Rubber V Belt YAMATACHI A47,CR.AT.047.YAMA,119.4,401032,YAMATACHI tr?n A47,,180
1036,A48,YAMATACHI,Rubber V Belt YAMATACHI A48,CR.AT.048.YAMA,121.9,401032,YAMATACHI tr?n A48,,170
1037,A49,YAMATACHI,Rubber V Belt YAMATACHI A49,CR.AT.049.YAMA,124.5,401032,YAMATACHI tr?n A49,,170
1038,A50,YAMATACHI,Rubber V Belt YAMATACHI A50,CR.AT.050.YAMA,127,401032,YAMATACHI tr?n A50,,170
1039,A51,YAMATACHI,Rubber V Belt YAMATACHI A51,CR.AT.051.YAMA,129.5,401032,YAMATACHI tr?n A51,,160
1040,A52,YAMATACHI,Rubber V Belt YAMATACHI A52,CR.AT.052.YAMA,132.1,401032,YAMATACHI tr?n A52,,160
1041,A53,YAMATACHI,Rubber V Belt YAMATACHI A53,CR.AT.053.YAMA,134.6,401032,YAMATACHI tr?n A53,,160
1042,A54,YAMATACHI,Rubber V Belt YAMATACHI A54,CR.AT.054.YAMA,137.2,401032,YAMATACHI tr?n A54,,160
1043,A55,YAMATACHI,Rubber V Belt YAMATACHI A55,CR.AT.055.YAMA,139.7,401032,YAMATACHI tr?n A55,,150
1044,A56,YAMATACHI,Rubber V Belt YAMATACHI A56,CR.AT.056.YAMA,142.2,401032,YAMATACHI tr?n A56,,150
1045,A57,YAMATACHI,Rubber V Belt YAMATACHI A57,CR.AT.057.YAMA,144.8,401032,YAMATACHI tr?n A57,,150
1046,A58,YAMATACHI,Rubber V Belt YAMATACHI A58,CR.AT.058.YAMA,147.3,401032,YAMATACHI tr?n A58,,150
1047,A59,YAMATACHI,Rubber V Belt YAMATACHI A59,CR.AT.059.YAMA,149.9,401032,YAMATACHI tr?n A59,,140
1048,A60,YAMATACHI,Rubber V Belt YAMATACHI A60,CR.AT.060.YAMA,152.4,401032,YAMATACHI tr?n A60,,140
1049,A61,YAMATACHI,Rubber V Belt YAMATACHI A61,CR.AT.061.YAMA,154.9,401032,YAMATACHI tr?n A61,,140
1050,A62,YAMATACHI,Rubber V Belt YAMATACHI A62,CR.AT.062.YAMA,157.5,401032,YAMATACHI tr?n A62,,130
1051,A63,YAMATACHI,Rubber V Belt YAMATACHI A63,CR.AT.063.YAMA,160,401032,YAMATACHI tr?n A63,,130
1052,A64,YAMATACHI,Rubber V Belt YAMATACHI A64,CR.AT.064.YAMA,162.6,401032,YAMATACHI tr?n A64,,130
1053,A65,YAMATACHI,Rubber V Belt YAMATACHI A65,CR.AT.065.YAMA,165.1,401032,YAMATACHI tr?n A65,,120
1054,A66,YAMATACHI,Rubber V Belt YAMATACHI A66,CR.AT.066.YAMA,167.6,401032,YAMATACHI tr?n A66,,120
1055,A67,YAMATACHI,Rubber V Belt YAMATACHI A67,CR.AT.067.YAMA,170.2,401032,YAMATACHI tr?n A67,,120
1056,A68,YAMATACHI,Rubber V Belt YAMATACHI A68,CR.AT.068.YAMA,172.7,401032,YAMATACHI tr?n A68,,120
1057,A69,YAMATACHI,Rubber V Belt YAMATACHI A69,CR.AT.069.YAMA,175.3,401032,YAMATACHI tr?n A69,,120
1058,A70,YAMATACHI,Rubber V Belt YAMATACHI A70,CR.AT.070.YAMA,177.8,401032,YAMATACHI tr?n A70,,120
1059,A71,YAMATACHI,Rubber V Belt YAMATACHI A71,CR.AT.071.YAMA,180.3,401034,YAMATACHI tr?n A71,,110
1060,A72,YAMATACHI,Rubber V Belt YAMATACHI A72,CR.AT.072.YAMA,182.9,401034,YAMATACHI tr?n A72,,110
1061,A73,YAMATACHI,Rubber V Belt YAMATACHI A73,CR.AT.073.YAMA,185.4,401034,YAMATACHI tr?n A73,,110
1062,A74,YAMATACHI,Rubber V Belt YAMATACHI A74,CR.AT.074.YAMA,188,401034,YAMATACHI tr?n A74,,110
1063,A75,YAMATACHI,Rubber V Belt YAMATACHI A75,CR.AT.075.YAMA,190.5,401034,YAMATACHI tr?n A75,,110
1064,A76,YAMATACHI,Rubber V Belt YAMATACHI A76,CR.AT.076.YAMA,193,401034,YAMATACHI tr?n A76,,110
1065,A77,YAMATACHI,Rubber V Belt YAMATACHI A77,CR.AT.077.YAMA,195.6,401034,YAMATACHI tr?n A77,,100
1066,A78,YAMATACHI,Rubber V Belt YAMATACHI A78,CR.AT.078.YAMA,198.1,401034,YAMATACHI tr?n A78,,100
1067,A79,YAMATACHI,Rubber V Belt YAMATACHI A79,CR.AT.079.YAMA,200.7,401034,YAMATACHI tr?n A79,,100
1068,A80,YAMATACHI,Rubber V Belt YAMATACHI A80,CR.AT.080.YAMA,203.2,401034,YAMATACHI tr?n A80,,100
1069,A81,YAMATACHI,Rubber V Belt YAMATACHI A81,CR.AT.081.YAMA,205.7,401034,YAMATACHI tr?n A81,,100
1070,A82,YAMATACHI,Rubber V Belt YAMATACHI A82,CR.AT.082.YAMA,208.3,401034,YAMATACHI tr?n A82,,100
1071,A83,YAMATACHI,Rubber V Belt YAMATACHI A83,CR.AT.083.YAMA,210.8,401034,YAMATACHI tr?n A83,,100
1072,A84,YAMATACHI,Rubber V Belt YAMATACHI A84,CR.AT.084.YAMA,213.4,401034,YAMATACHI tr?n A84,,100
1073,A85,YAMATACHI,Rubber V Belt YAMATACHI A85,CR.AT.085.YAMA,215.9,401034,YAMATACHI tr?n A85,,100
1074,A86,YAMATACHI,Rubber V Belt YAMATACHI A86,CR.AT.086.YAMA,218.4,401034,YAMATACHI tr?n A86,,90
1075,A87,YAMATACHI,Rubber V Belt YAMATACHI A87,CR.AT.087.YAMA,221,401034,YAMATACHI tr?n A87,,90
1076,A88,YAMATACHI,Rubber V Belt YAMATACHI A88,CR.AT.088.YAMA,223.5,401034,YAMATACHI tr?n A88,,90
1077,A89,YAMATACHI,Rubber V Belt YAMATACHI A89,CR.AT.089.YAMA,226.1,401034,YAMATACHI tr?n A89,,90
1078,A90,YAMATACHI,Rubber V Belt YAMATACHI A90,CR.AT.090.YAMA,228.6,401034,YAMATACHI tr?n A90,,90
1079,B100,YAMATACHI,Rubber V Belt YAMATACHI B100,CR.BT.100.YAMA,254,401039,YAMATACHI tr?n B100,,40
1080,B101,YAMATACHI,Rubber V Belt YAMATACHI B101,CR.BT.101.YAMA,256.5,401039,YAMATACHI tr?n B101,,40
1081,B102,YAMATACHI,Rubber V Belt YAMATACHI B102,CR.BT.102.YAMA,259.1,401039,YAMATACHI tr?n B102,,40
1082,B103,YAMATACHI,Rubber V Belt YAMATACHI B103,CR.BT.103.YAMA,261.6,401039,YAMATACHI tr?n B103,,40
1083,B104,YAMATACHI,Rubber V Belt YAMATACHI B104,CR.BT.104.YAMA,264.2,401039,YAMATACHI tr?n B104,,40
1084,B105,YAMATACHI,Rubber V Belt YAMATACHI B105,CR.BT.105.YAMA,266.7,401039,YAMATACHI tr?n B105,,40
1085,B106,YAMATACHI,Rubber V Belt YAMATACHI B106,CR.BT.106.YAMA,269.2,401039,YAMATACHI tr?n B106,,40
1086,B107,YAMATACHI,Rubber V Belt YAMATACHI B107,CR.BT.107.YAMA,271.8,401039,YAMATACHI tr?n B107,,40
1087,B108,YAMATACHI,Rubber V Belt YAMATACHI B108,CR.BT.108.YAMA,274.3,401039,YAMATACHI tr?n B108,,40
1088,B109,YAMATACHI,Rubber V Belt YAMATACHI B109,CR.BT.109.YAMA,276.9,401039,YAMATACHI tr?n B109,,40
1089,B110,YAMATACHI,Rubber V Belt YAMATACHI B110,CR.BT.110.YAMA,279.4,401039,YAMATACHI tr?n B110,,40
1090,B111,YAMATACHI,Rubber V Belt YAMATACHI B111,CR.BT.111.YAMA,281.9,401039,YAMATACHI tr?n B111,,40
1091,B112,YAMATACHI,Rubber V Belt YAMATACHI B112,CR.BT.112.YAMA,284.5,401039,YAMATACHI tr?n B112,,40
1092,B113,YAMATACHI,Rubber V Belt YAMATACHI B113,CR.BT.113.YAMA,287,401039,YAMATACHI tr?n B113,,40
1093,B114,YAMATACHI,Rubber V Belt YAMATACHI B114,CR.BT.114.YAMA,289.6,401039,YAMATACHI tr?n B114,,40
1094,B115,YAMATACHI,Rubber V Belt YAMATACHI B115,CR.BT.115.YAMA,292.1,401039,YAMATACHI tr?n B115,,40
1095,B116,YAMATACHI,Rubber V Belt YAMATACHI B116,CR.BT.116.YAMA,294.6,401039,YAMATACHI tr?n B116,,40
1096,B117,YAMATACHI,Rubber V Belt YAMATACHI B117,CR.BT.117.YAMA,297.2,401039,YAMATACHI tr?n B117,,40
1097,B118,YAMATACHI,Rubber V Belt YAMATACHI B118,CR.BT.118.YAMA,299.7,401039,YAMATACHI tr?n B118,,40
1098,B119,YAMATACHI,Rubber V Belt YAMATACHI B119,CR.BT.119.YAMA,302.3,401039,YAMATACHI tr?n B119,,40
1099,B120,YAMATACHI,Rubber V Belt YAMATACHI B120,CR.BT.120.YAMA,304.8,401039,YAMATACHI tr?n B120,,40
1100,B121,YAMATACHI,Rubber V Belt YAMATACHI B121,CR.BT.121.YAMA,307.3,401039,YAMATACHI tr?n B121,,40
1101,B122,YAMATACHI,Rubber V Belt YAMATACHI B122,CR.BT.122.YAMA,309.9,401039,YAMATACHI tr?n B122,,40
1102,B123,YAMATACHI,Rubber V Belt YAMATACHI B123,CR.BT.123.YAMA,312.4,401039,YAMATACHI tr?n B123,,40
1103,B124,YAMATACHI,Rubber V Belt YAMATACHI B124,CR.BT.124.YAMA,315,401039,YAMATACHI tr?n B124,,30
1104,B125,YAMATACHI,Rubber V Belt YAMATACHI B125,CR.BT.125.YAMA,317.5,401039,YAMATACHI tr?n B125,,30
1105,B126,YAMATACHI,Rubber V Belt YAMATACHI B126,CR.BT.126.YAMA,320,401039,YAMATACHI tr?n B126,,30
1106,B127,YAMATACHI,Rubber V Belt YAMATACHI B127,CR.BT.127.YAMA,322.6,401039,YAMATACHI tr?n B127,,30
1107,B128,YAMATACHI,Rubber V Belt YAMATACHI B128,CR.BT.128.YAMA,325.1,401039,YAMATACHI tr?n B128,,30
1108,B129,YAMATACHI,Rubber V Belt YAMATACHI B129,CR.BT.129.YAMA,327.7,401039,YAMATACHI tr?n B129,,30
1109,B130,YAMATACHI,Rubber V Belt YAMATACHI B130,CR.BT.130.YAMA,330.2,401039,YAMATACHI tr?n B130,,30
1110,B131,YAMATACHI,Rubber V Belt YAMATACHI B131,CR.BT.131.YAMA,332.7,401039,YAMATACHI tr?n B131,,30
1111,B132,YAMATACHI,Rubber V Belt YAMATACHI B132,CR.BT.132.YAMA,335.3,401039,YAMATACHI tr?n B132,,30
1112,B133,YAMATACHI,Rubber V Belt YAMATACHI B133,CR.BT.133.YAMA,337.8,401039,YAMATACHI tr?n B133,,30
1113,B134,YAMATACHI,Rubber V Belt YAMATACHI B134,CR.BT.134.YAMA,340.4,401039,YAMATACHI tr?n B134,,30
1114,B135,YAMATACHI,Rubber V Belt YAMATACHI B135,CR.BT.135.YAMA,342.9,401039,YAMATACHI tr?n B135,,30
1115,B136,YAMATACHI,Rubber V Belt YAMATACHI B136,CR.BT.136.YAMA,345.4,401039,YAMATACHI tr?n B136,,30
1116,B137,YAMATACHI,Rubber V Belt YAMATACHI B137,CR.BT.137.YAMA,348,401039,YAMATACHI tr?n B137,,30
1117,B138,YAMATACHI,Rubber V Belt YAMATACHI B138,CR.BT.138.YAMA,350.5,401039,YAMATACHI tr?n B138,,30
1118,B139,YAMATACHI,Rubber V Belt YAMATACHI B139,CR.BT.139.YAMA,353.1,401039,YAMATACHI tr?n B139,,30
1119,B140,YAMATACHI,Rubber V Belt YAMATACHI B140,CR.BT.140.YAMA,355.6,401039,YAMATACHI tr?n B140,,30
1120,B141,YAMATACHI,Rubber V Belt YAMATACHI B141,CR.BT.141.YAMA,358.1,401039,YAMATACHI tr?n B141,,30
1121,B142,YAMATACHI,Rubber V Belt YAMATACHI B142,CR.BT.142.YAMA,360.7,401039,YAMATACHI tr?n B142,,30
1122,B143,YAMATACHI,Rubber V Belt YAMATACHI B143,CR.BT.143.YAMA,363.2,401039,YAMATACHI tr?n B143,,30
1123,B144,YAMATACHI,Rubber V Belt YAMATACHI B144,CR.BT.144.YAMA,365.8,401039,YAMATACHI tr?n B144,,30
1124,B145,YAMATACHI,Rubber V Belt YAMATACHI B145,CR.BT.145.YAMA,368.3,401039,YAMATACHI tr?n B145,,30
1125,B146,YAMATACHI,Rubber V Belt YAMATACHI B146,CR.BT.146.YAMA,370.8,401039,YAMATACHI tr?n B146,,30
1126,B147,YAMATACHI,Rubber V Belt YAMATACHI B147,CR.BT.147.YAMA,373.4,401039,YAMATACHI tr?n B147,,30
1127,B148,YAMATACHI,Rubber V Belt YAMATACHI B148,CR.BT.148.YAMA,375.9,401039,YAMATACHI tr?n B148,,30
1128,B149,YAMATACHI,Rubber V Belt YAMATACHI B149,CR.BT.149.YAMA,378.5,401039,YAMATACHI tr?n B149,,30
1129,B150,YAMATACHI,Rubber V Belt YAMATACHI B150,CR.BT.150.YAMA,381,401039,YAMATACHI tr?n B150,,30
1130,B151,YAMATACHI,Rubber V Belt YAMATACHI B151,CR.BT.151.YAMA,383.5,401039,YAMATACHI tr?n B151,,30
1131,B152,YAMATACHI,Rubber V Belt YAMATACHI B152,CR.BT.152.YAMA,386.1,401039,YAMATACHI tr?n B152,,30
1132,B153,YAMATACHI,Rubber V Belt YAMATACHI B153,CR.BT.153.YAMA,388.6,401039,YAMATACHI tr?n B153,,30
1133,B154,YAMATACHI,Rubber V Belt YAMATACHI B154,CR.BT.154.YAMA,391.2,401039,YAMATACHI tr?n B154,,30
1134,B155,YAMATACHI,Rubber V Belt YAMATACHI B155,CR.BT.155.YAMA,393.7,401039,YAMATACHI tr?n B155,,30
1135,B156,YAMATACHI,Rubber V Belt YAMATACHI B156,CR.BT.156.YAMA,396.2,401039,YAMATACHI tr?n B156,,30
1136,B157,YAMATACHI,Rubber V Belt YAMATACHI B157,CR.BT.157.YAMA,398.8,401039,YAMATACHI tr?n B157,,30
1137,B158,YAMATACHI,Rubber V Belt YAMATACHI B158,CR.BT.158.YAMA,401.3,401039,YAMATACHI tr?n B158,,30
1138,B159,YAMATACHI,Rubber V Belt YAMATACHI B159,CR.BT.159.YAMA,403.9,401039,YAMATACHI tr?n B159,,30
1139,B160,YAMATACHI,Rubber V Belt YAMATACHI B160,CR.BT.160.YAMA,406.4,401039,YAMATACHI tr?n B160,,30
1140,B161,YAMATACHI,Rubber V Belt YAMATACHI B161,CR.BT.161.YAMA,408.9,401039,YAMATACHI tr?n B161,,30
1141,B162,YAMATACHI,Rubber V Belt YAMATACHI B162,CR.BT.162.YAMA,411.5,401039,YAMATACHI tr?n B162,,30
1142,B163,YAMATACHI,Rubber V Belt YAMATACHI B163,CR.BT.163.YAMA,414,401039,YAMATACHI tr?n B163,,30
1143,B164,YAMATACHI,Rubber V Belt YAMATACHI B164,CR.BT.164.YAMA,416.6,401039,YAMATACHI tr?n B164,,30
1144,B165,YAMATACHI,Rubber V Belt YAMATACHI B165,CR.BT.165.YAMA,419.1,401039,YAMATACHI tr?n B165,,30
1145,B166,YAMATACHI,Rubber V Belt YAMATACHI B166,CR.BT.166.YAMA,421.6,401039,YAMATACHI tr?n B166,,25
1146,B167,YAMATACHI,Rubber V Belt YAMATACHI B167,CR.BT.167.YAMA,424.2,401039,YAMATACHI tr?n B167,,25
1147,B168,YAMATACHI,Rubber V Belt YAMATACHI B168,CR.BT.168.YAMA,426.7,401039,YAMATACHI tr?n B168,,25
1148,B169,YAMATACHI,Rubber V Belt YAMATACHI B169,CR.BT.169.YAMA,429.3,401039,YAMATACHI tr?n B169,,25
1149,B170,YAMATACHI,Rubber V Belt YAMATACHI B170,CR.BT.170.YAMA,431.8,401039,YAMATACHI tr?n B170,,25
1150,B171,YAMATACHI,Rubber V Belt YAMATACHI B171,CR.BT.171.YAMA,434.3,401039,YAMATACHI tr?n B171,,25
1151,B172,YAMATACHI,Rubber V Belt YAMATACHI B172,CR.BT.172.YAMA,436.9,401039,YAMATACHI tr?n B172,,25
1152,B173,YAMATACHI,Rubber V Belt YAMATACHI B173,CR.BT.173.YAMA,439.4,401039,YAMATACHI tr?n B173,,25
1153,B174,YAMATACHI,Rubber V Belt YAMATACHI B174,CR.BT.174.YAMA,442,401039,YAMATACHI tr?n B174,,25
1154,B175,YAMATACHI,Rubber V Belt YAMATACHI B175,CR.BT.175.YAMA,444.5,401039,YAMATACHI tr?n B175,,25
1155,B176,YAMATACHI,Rubber V Belt YAMATACHI B176,CR.BT.176.YAMA,447,401039,YAMATACHI tr?n B176,,25
1156,B177,YAMATACHI,Rubber V Belt YAMATACHI B177,CR.BT.177.YAMA,449.6,401039,YAMATACHI tr?n B177,,25
1157,B178,YAMATACHI,Rubber V Belt YAMATACHI B178,CR.BT.178.YAMA,452.1,401039,YAMATACHI tr?n B178,,25
1158,B179,YAMATACHI,Rubber V Belt YAMATACHI B179,CR.BT.179.YAMA,454.7,401039,YAMATACHI tr?n B179,,25
1159,B180,YAMATACHI,Rubber V Belt YAMATACHI B180,CR.BT.180.YAMA,457.2,401039,YAMATACHI tr?n B180,,25
1160,B20,YAMATACHI,Rubber V Belt YAMATACHI B20,CR.BT.020.YAMA,50.8,401039,YAMATACHI tr?n B20,,200
1161,B21,YAMATACHI,Rubber V Belt YAMATACHI B21,CR.BT.021.YAMA,53.3,401039,YAMATACHI tr?n B21,,200
1162,B22,YAMATACHI,Rubber V Belt YAMATACHI B22,CR.BT.022.YAMA,55.9,401039,YAMATACHI tr?n B22,,200
1163,B23,YAMATACHI,Rubber V Belt YAMATACHI B23,CR.BT.023.YAMA,58.4,401039,YAMATACHI tr?n B23,,200
1164,B24,YAMATACHI,Rubber V Belt YAMATACHI B24,CR.BT.024.YAMA,61,401032,YAMATACHI tr?n B24,,200
1165,B25,YAMATACHI,Rubber V Belt YAMATACHI B25,CR.BT.025.YAMA,63.5,401032,YAMATACHI tr?n B25,,200
1166,B26,YAMATACHI,Rubber V Belt YAMATACHI B26,CR.BT.026.YAMA,66,401032,YAMATACHI tr?n B26,,200
1167,B27,YAMATACHI,Rubber V Belt YAMATACHI B27,CR.BT.027.YAMA,68.6,401032,YAMATACHI tr?n B27,,180
1168,B28,YAMATACHI,Rubber V Belt YAMATACHI B28,CR.BT.028.YAMA,71.1,401032,YAMATACHI tr?n B28,,180
1169,B29,YAMATACHI,Rubber V Belt YAMATACHI B29,CR.BT.029.YAMA,73.7,401032,YAMATACHI tr?n B29,,180
1170,B30,YAMATACHI,Rubber V Belt YAMATACHI B30,CR.BT.030.YAMA,76.2,401032,YAMATACHI tr?n B30,,150
1171,B31,YAMATACHI,Rubber V Belt YAMATACHI B31,CR.BT.031.YAMA,78.7,401032,YAMATACHI tr?n B31,,150
1172,B32,YAMATACHI,Rubber V Belt YAMATACHI B32,CR.BT.032.YAMA,81.3,401032,YAMATACHI tr?n B32,,150
1173,B33,YAMATACHI,Rubber V Belt YAMATACHI B33,CR.BT.033.YAMA,83.8,401032,YAMATACHI tr?n B33,,150
1174,B34,YAMATACHI,Rubber V Belt YAMATACHI B34,CR.BT.034.YAMA,86.4,401032,YAMATACHI tr?n B34,,150
1175,B35,YAMATACHI,Rubber V Belt YAMATACHI B35,CR.BT.035.YAMA,88.9,401032,YAMATACHI tr?n B35,,140
1176,B36,YAMATACHI,Rubber V Belt YAMATACHI B36,CR.BT.036.YAMA,91.4,401032,YAMATACHI tr?n B36,,140
1177,B37,YAMATACHI,Rubber V Belt YAMATACHI B37,CR.BT.037.YAMA,94,401032,YAMATACHI tr?n B37,,130
1178,B38,YAMATACHI,Rubber V Belt YAMATACHI B38,CR.BT.038.YAMA,96.5,401032,YAMATACHI tr?n B38,,130
1179,B39,YAMATACHI,Rubber V Belt YAMATACHI B39,CR.BT.039.YAMA,99.1,401032,YAMATACHI tr?n B39,,130
1180,B40,YAMATACHI,Rubber V Belt YAMATACHI B40,CR.BT.040.YAMA,101.6,401032,YAMATACHI tr?n B40,,120
1181,B41,YAMATACHI,Rubber V Belt YAMATACHI B41,CR.BT.041.YAMA,104.1,401032,YAMATACHI tr?n B41,,120
1182,B42,YAMATACHI,Rubber V Belt YAMATACHI B42,CR.BT.042.YAMA,106.7,401032,YAMATACHI tr?n B42,,120
1183,B43,YAMATACHI,Rubber V Belt YAMATACHI B43,CR.BT.043.YAMA,109.2,401032,YAMATACHI tr?n B43,,110
1184,B44,YAMATACHI,Rubber V Belt YAMATACHI B44,CR.BT.044.YAMA,111.8,401032,YAMATACHI tr?n B44,,110
1185,B45,YAMATACHI,Rubber V Belt YAMATACHI B45,CR.BT.045.YAMA,114.3,401032,YAMATACHI tr?n B45,,110
1186,B46,YAMATACHI,Rubber V Belt YAMATACHI B46,CR.BT.046.YAMA,116.8,401032,YAMATACHI tr?n B46,,110
1187,B47,YAMATACHI,Rubber V Belt YAMATACHI B47,CR.BT.047.YAMA,119.4,401032,YAMATACHI tr?n B47,,110
1188,B48,YAMATACHI,Rubber V Belt YAMATACHI B48,CR.BT.048.YAMA,121.9,401032,YAMATACHI tr?n B48,,100
1189,B49,YAMATACHI,Rubber V Belt YAMATACHI B49,CR.BT.049.YAMA,124.5,401032,YAMATACHI tr?n B49,,100
1190,B50,YAMATACHI,Rubber V Belt YAMATACHI B50,CR.BT.050.YAMA,127,401032,YAMATACHI tr?n B50,,100
1191,B51,YAMATACHI,Rubber V Belt YAMATACHI B51,CR.BT.051.YAMA,129.5,401032,YAMATACHI tr?n B51,,90
1192,B52,YAMATACHI,Rubber V Belt YAMATACHI B52,CR.BT.052.YAMA,132.1,401032,YAMATACHI tr?n B52,,90
1193,B53,YAMATACHI,Rubber V Belt YAMATACHI B53,CR.BT.053.YAMA,134.6,401032,YAMATACHI tr?n B53,,90
1194,B54,YAMATACHI,Rubber V Belt YAMATACHI B54,CR.BT.054.YAMA,137.2,401032,YAMATACHI tr?n B54,,90
1195,B55,YAMATACHI,Rubber V Belt YAMATACHI B55,CR.BT.055.YAMA,139.7,401032,YAMATACHI tr?n B55,,80
1196,B56,YAMATACHI,Rubber V Belt YAMATACHI B56,CR.BT.056.YAMA,142.2,401032,YAMATACHI tr?n B56,,80
1197,B57,YAMATACHI,Rubber V Belt YAMATACHI B57,CR.BT.057.YAMA,144.8,401032,YAMATACHI tr?n B57,,80
1198,B58,YAMATACHI,Rubber V Belt YAMATACHI B58,CR.BT.058.YAMA,147.3,401032,YAMATACHI tr?n B58,,80
1199,B59,YAMATACHI,Rubber V Belt YAMATACHI B59,CR.BT.059.YAMA,149.9,401032,YAMATACHI tr?n B59,,80
1200,B60,YAMATACHI,Rubber V Belt YAMATACHI B60,CR.BT.060.YAMA,152.4,401032,YAMATACHI tr?n B60,,80
1201,B61,YAMATACHI,Rubber V Belt YAMATACHI B61,CR.BT.061.YAMA,154.9,401032,YAMATACHI tr?n B61,,80
1202,B62,YAMATACHI,Rubber V Belt YAMATACHI B62,CR.BT.062.YAMA,157.5,401032,YAMATACHI tr?n B62,,80
1203,B63,YAMATACHI,Rubber V Belt YAMATACHI B63,CR.BT.063.YAMA,160,401032,YAMATACHI tr?n B63,,70
1204,B64,YAMATACHI,Rubber V Belt YAMATACHI B64,CR.BT.064.YAMA,162.6,401032,YAMATACHI tr?n B64,,70
1205,B65,YAMATACHI,Rubber V Belt YAMATACHI B65,CR.BT.065.YAMA,165.1,401032,YAMATACHI tr?n B65,,70
1206,B66,YAMATACHI,Rubber V Belt YAMATACHI B66,CR.BT.066.YAMA,167.6,401032,YAMATACHI tr?n B66,,70
1207,B67,YAMATACHI,Rubber V Belt YAMATACHI B67,CR.BT.067.YAMA,170.2,401032,YAMATACHI tr?n B67,,70
1208,B68,YAMATACHI,Rubber V Belt YAMATACHI B68,CR.BT.068.YAMA,172.7,401032,YAMATACHI tr?n B68,,70
1209,B69,YAMATACHI,Rubber V Belt YAMATACHI B69,CR.BT.069.YAMA,175.3,401032,YAMATACHI tr?n B69,,60
1210,B70,YAMATACHI,Rubber V Belt YAMATACHI B70,CR.BT.070.YAMA,177.8,401032,YAMATACHI tr?n B70,,60
1211,B71,YAMATACHI,Rubber V Belt YAMATACHI B71,CR.BT.071.YAMA,180.3,401034,YAMATACHI tr?n B71,,60
1212,B72,YAMATACHI,Rubber V Belt YAMATACHI B72,CR.BT.072.YAMA,182.9,401034,YAMATACHI tr?n B72,,60
1213,B73,YAMATACHI,Rubber V Belt YAMATACHI B73,CR.BT.073.YAMA,185.4,401034,YAMATACHI tr?n B73,,60
1214,B74,YAMATACHI,Rubber V Belt YAMATACHI B74,CR.BT.074.YAMA,188,401034,YAMATACHI tr?n B74,,60
1215,B75,YAMATACHI,Rubber V Belt YAMATACHI B75,CR.BT.075.YAMA,190.5,401034,YAMATACHI tr?n B75,,60
1216,B76,YAMATACHI,Rubber V Belt YAMATACHI B76,CR.BT.076.YAMA,193,401034,YAMATACHI tr?n B76,,60
1217,B77,YAMATACHI,Rubber V Belt YAMATACHI B77,CR.BT.077.YAMA,195.6,401034,YAMATACHI tr?n B77,,60
1218,B78,YAMATACHI,Rubber V Belt YAMATACHI B78,CR.BT.078.YAMA,198.1,401034,YAMATACHI tr?n B78,,60
1219,B79,YAMATACHI,Rubber V Belt YAMATACHI B79,CR.BT.079.YAMA,200.7,401034,YAMATACHI tr?n B79,,60
1220,B80,YAMATACHI,Rubber V Belt YAMATACHI B80,CR.BT.080.YAMA,203.2,401034,YAMATACHI tr?n B80,,60
1221,B81,YAMATACHI,Rubber V Belt YAMATACHI B81,CR.BT.081.YAMA,205.7,401034,YAMATACHI tr?n B81,,60
1222,B82,YAMATACHI,Rubber V Belt YAMATACHI B82,CR.BT.082.YAMA,208.3,401034,YAMATACHI tr?n B82,,60
1223,B83,YAMATACHI,Rubber V Belt YAMATACHI B83,CR.BT.083.YAMA,210.8,401034,YAMATACHI tr?n B83,,60
1224,B84,YAMATACHI,Rubber V Belt YAMATACHI B84,CR.BT.084.YAMA,213.4,401034,YAMATACHI tr?n B84,,50
1225,B85,YAMATACHI,Rubber V Belt YAMATACHI B85,CR.BT.085.YAMA,215.9,401034,YAMATACHI tr?n B85,,50
1226,B86,YAMATACHI,Rubber V Belt YAMATACHI B86,CR.BT.086.YAMA,218.4,401034,YAMATACHI tr?n B86,,50
1227,B87,YAMATACHI,Rubber V Belt YAMATACHI B87,CR.BT.087.YAMA,221,401034,YAMATACHI tr?n B87,,50
1228,B88,YAMATACHI,Rubber V Belt YAMATACHI B88,CR.BT.088.YAMA,223.5,401034,YAMATACHI tr?n B88,,50
1229,B89,YAMATACHI,Rubber V Belt YAMATACHI B89,CR.BT.089.YAMA,226.1,401034,YAMATACHI tr?n B89,,50
1230,B90,YAMATACHI,Rubber V Belt YAMATACHI B90,CR.BT.090.YAMA,228.6,401034,YAMATACHI tr?n B90,,50
1231,B91,YAMATACHI,Rubber V Belt YAMATACHI B91,CR.BT.091.YAMA,231.1,401034,YAMATACHI tr?n B91,,50
1232,B92,YAMATACHI,Rubber V Belt YAMATACHI B92,CR.BT.092.YAMA,233.7,401034,YAMATACHI tr?n B92,,50
1233,B93,YAMATACHI,Rubber V Belt YAMATACHI B93,CR.BT.093.YAMA,236.2,401034,YAMATACHI tr?n B93,,50
1234,B94,YAMATACHI,Rubber V Belt YAMATACHI B94,CR.BT.094.YAMA,238.8,401034,YAMATACHI tr?n B94,,50
1235,B95,YAMATACHI,Rubber V Belt YAMATACHI B95,CR.BT.095.YAMA,241.3,401039,YAMATACHI tr?n B95,,50
1236,B96,YAMATACHI,Rubber V Belt YAMATACHI B96,CR.BT.096.YAMA,243.8,401039,YAMATACHI tr?n B96,,50
1237,B97,YAMATACHI,Rubber V Belt YAMATACHI B97,CR.BT.097.YAMA,246.4,401039,YAMATACHI tr?n B97,,50
1238,B98,YAMATACHI,Rubber V Belt YAMATACHI B98,CR.BT.098.YAMA,248.9,401039,YAMATACHI tr?n B98,,40
1239,B99,YAMATACHI,Rubber V Belt YAMATACHI B99,CR.BT.099.YAMA,251.5,401039,YAMATACHI tr?n B99,,40
1240,C100,YAMATACHI,Rubber V Belt YAMATACHI C100,CR.CT.100.YAMA,254,401039,YAMATACHI tr?n C100,,25
1241,C101,YAMATACHI,Rubber V Belt YAMATACHI C101,CR.CT.101.YAMA,256.5,401039,YAMATACHI tr?n C101,,25
1242,C102,YAMATACHI,Rubber V Belt YAMATACHI C102,CR.CT.102.YAMA,259.1,401039,YAMATACHI tr?n C102,,25
1243,C103,YAMATACHI,Rubber V Belt YAMATACHI C103,CR.CT.103.YAMA,261.6,401039,YAMATACHI tr?n C103,,25
1244,C104,YAMATACHI,Rubber V Belt YAMATACHI C104,CR.CT.104.YAMA,264.2,401039,YAMATACHI tr?n C104,,25
1245,C105,YAMATACHI,Rubber V Belt YAMATACHI C105,CR.CT.105.YAMA,266.7,401039,YAMATACHI tr?n C105,,25
1246,C106,YAMATACHI,Rubber V Belt YAMATACHI C106,CR.CT.106.YAMA,269.2,401039,YAMATACHI tr?n C106,,25
1247,C107,YAMATACHI,Rubber V Belt YAMATACHI C107,CR.CT.107.YAMA,271.8,401039,YAMATACHI tr?n C107,,25
1248,C108,YAMATACHI,Rubber V Belt YAMATACHI C108,CR.CT.108.YAMA,274.3,401039,YAMATACHI tr?n C108,,25
1249,C109,YAMATACHI,Rubber V Belt YAMATACHI C109,CR.CT.109.YAMA,276.9,401039,YAMATACHI tr?n C109,,25
1250,C110,YAMATACHI,Rubber V Belt YAMATACHI C110,CR.CT.110.YAMA,279.4,401039,YAMATACHI tr?n C110,,25
1251,C111,YAMATACHI,Rubber V Belt YAMATACHI C111,CR.CT.111.YAMA,281.9,401039,YAMATACHI tr?n C111,,25
1252,C112,YAMATACHI,Rubber V Belt YAMATACHI C112,CR.CT.112.YAMA,284.5,401039,YAMATACHI tr?n C112,,25
1253,C113,YAMATACHI,Rubber V Belt YAMATACHI C113,CR.CT.113.YAMA,287,401039,YAMATACHI tr?n C113,,25
1254,C114,YAMATACHI,Rubber V Belt YAMATACHI C114,CR.CT.114.YAMA,289.6,401039,YAMATACHI tr?n C114,,20
1255,C115,YAMATACHI,Rubber V Belt YAMATACHI C115,CR.CT.115.YAMA,292.1,401039,YAMATACHI tr?n C115,,20
1256,C116,YAMATACHI,Rubber V Belt YAMATACHI C116,CR.CT.116.YAMA,294.6,401039,YAMATACHI tr?n C116,,20
1257,C117,YAMATACHI,Rubber V Belt YAMATACHI C117,CR.CT.117.YAMA,297.2,401039,YAMATACHI tr?n C117,,20
1258,C118,YAMATACHI,Rubber V Belt YAMATACHI C118,CR.CT.118.YAMA,299.7,401039,YAMATACHI tr?n C118,,20
1259,C119,YAMATACHI,Rubber V Belt YAMATACHI C119,CR.CT.119.YAMA,302.3,401039,YAMATACHI tr?n C119,,20
1260,C120,YAMATACHI,Rubber V Belt YAMATACHI C120,CR.CT.120.YAMA,304.8,401039,YAMATACHI tr?n C120,,20
1261,C121,YAMATACHI,Rubber V Belt YAMATACHI C121,CR.CT.121.YAMA,307.3,401039,YAMATACHI tr?n C121,,20
1262,C122,YAMATACHI,Rubber V Belt YAMATACHI C122,CR.CT.122.YAMA,309.9,401039,YAMATACHI tr?n C122,,20
1263,C123,YAMATACHI,Rubber V Belt YAMATACHI C123,CR.CT.123.YAMA,312.4,401039,YAMATACHI tr?n C123,,20
1264,C124,YAMATACHI,Rubber V Belt YAMATACHI C124,CR.CT.124.YAMA,315,401039,YAMATACHI tr?n C124,,20
1265,C125,YAMATACHI,Rubber V Belt YAMATACHI C125,CR.CT.125.YAMA,317.5,401039,YAMATACHI tr?n C125,,20
1266,C126,YAMATACHI,Rubber V Belt YAMATACHI C126,CR.CT.126.YAMA,320,401039,YAMATACHI tr?n C126,,20
1267,C127,YAMATACHI,Rubber V Belt YAMATACHI C127,CR.CT.127.YAMA,322.6,401039,YAMATACHI tr?n C127,,20
1268,C128,YAMATACHI,Rubber V Belt YAMATACHI C128,CR.CT.128.YAMA,325.1,401039,YAMATACHI tr?n C128,,20
1269,C129,YAMATACHI,Rubber V Belt YAMATACHI C129,CR.CT.129.YAMA,327.7,401039,YAMATACHI tr?n C129,,20
1270,C130,YAMATACHI,Rubber V Belt YAMATACHI C130,CR.CT.130.YAMA,330.2,401039,YAMATACHI tr?n C130,,20
1271,C131,YAMATACHI,Rubber V Belt YAMATACHI C131,CR.CT.131.YAMA,332.7,401039,YAMATACHI tr?n C131,,20
1272,C132,YAMATACHI,Rubber V Belt YAMATACHI C132,CR.CT.132.YAMA,335.3,401039,YAMATACHI tr?n C132,,20
1273,C133,YAMATACHI,Rubber V Belt YAMATACHI C133,CR.CT.133.YAMA,337.8,401039,YAMATACHI tr?n C133,,20
1274,C134,YAMATACHI,Rubber V Belt YAMATACHI C134,CR.CT.134.YAMA,340.4,401039,YAMATACHI tr?n C134,,20
1275,C135,YAMATACHI,Rubber V Belt YAMATACHI C135,CR.CT.135.YAMA,342.9,401039,YAMATACHI tr?n C135,,20
1276,C136,YAMATACHI,Rubber V Belt YAMATACHI C136,CR.CT.136.YAMA,345.4,401039,YAMATACHI tr?n C136,,20
1277,C137,YAMATACHI,Rubber V Belt YAMATACHI C137,CR.CT.137.YAMA,348,401039,YAMATACHI tr?n C137,,20
1278,C138,YAMATACHI,Rubber V Belt YAMATACHI C138,CR.CT.138.YAMA,350.5,401039,YAMATACHI tr?n C138,,20
1279,C139,YAMATACHI,Rubber V Belt YAMATACHI C139,CR.CT.139.YAMA,353.1,401039,YAMATACHI tr?n C139,,20
1280,C140,YAMATACHI,Rubber V Belt YAMATACHI C140,CR.CT.140.YAMA,355.6,401039,YAMATACHI tr?n C140,,20
1281,C141,YAMATACHI,Rubber V Belt YAMATACHI C141,CR.CT.141.YAMA,358.1,401039,YAMATACHI tr?n C141,,20
1282,C142,YAMATACHI,Rubber V Belt YAMATACHI C142,CR.CT.142.YAMA,360.7,401039,YAMATACHI tr?n C142,,20
1283,C143,YAMATACHI,Rubber V Belt YAMATACHI C143,CR.CT.143.YAMA,363.2,401039,YAMATACHI tr?n C143,,20
1284,C144,YAMATACHI,Rubber V Belt YAMATACHI C144,CR.CT.144.YAMA,365.8,401039,YAMATACHI tr?n C144,,20
1285,C145,YAMATACHI,Rubber V Belt YAMATACHI C145,CR.CT.145.YAMA,368.3,401039,YAMATACHI tr?n C145,,20
1286,C146,YAMATACHI,Rubber V Belt YAMATACHI C146,CR.CT.146.YAMA,370.8,401039,YAMATACHI tr?n C146,,20
1287,C147,YAMATACHI,Rubber V Belt YAMATACHI C147,CR.CT.147.YAMA,373.4,401039,YAMATACHI tr?n C147,,20
1288,C148,YAMATACHI,Rubber V Belt YAMATACHI C148,CR.CT.148.YAMA,375.9,401039,YAMATACHI tr?n C148,,20
1289,C149,YAMATACHI,Rubber V Belt YAMATACHI C149,CR.CT.149.YAMA,378.5,401039,YAMATACHI tr?n C149,,18
1290,C150,YAMATACHI,Rubber V Belt YAMATACHI C150,CR.CT.150.YAMA,381,401039,YAMATACHI tr?n C150,,18
1291,C151,YAMATACHI,Rubber V Belt YAMATACHI C151,CR.CT.151.YAMA,383.5,401039,YAMATACHI tr?n C151,,18
1292,C152,YAMATACHI,Rubber V Belt YAMATACHI C152,CR.CT.152.YAMA,386.1,401039,YAMATACHI tr?n C152,,18
1293,C153,YAMATACHI,Rubber V Belt YAMATACHI C153,CR.CT.153.YAMA,388.6,401039,YAMATACHI tr?n C153,,18
1294,C154,YAMATACHI,Rubber V Belt YAMATACHI C154,CR.CT.154.YAMA,391.2,401039,YAMATACHI tr?n C154,,18
1295,C155,YAMATACHI,Rubber V Belt YAMATACHI C155,CR.CT.155.YAMA,393.7,401039,YAMATACHI tr?n C155,,18
1296,C156,YAMATACHI,Rubber V Belt YAMATACHI C156,CR.CT.156.YAMA,396.2,401039,YAMATACHI tr?n C156,,18
1297,C157,YAMATACHI,Rubber V Belt YAMATACHI C157,CR.CT.157.YAMA,398.8,401039,YAMATACHI tr?n C157,,18
1298,C158,YAMATACHI,Rubber V Belt YAMATACHI C158,CR.CT.158.YAMA,401.3,401039,YAMATACHI tr?n C158,,17
1299,C159,YAMATACHI,Rubber V Belt YAMATACHI C159,CR.CT.159.YAMA,403.9,401039,YAMATACHI tr?n C159,,17
1300,C160,YAMATACHI,Rubber V Belt YAMATACHI C160,CR.CT.160.YAMA,406.4,401039,YAMATACHI tr?n C160,,17
1301,C161,YAMATACHI,Rubber V Belt YAMATACHI C161,CR.CT.161.YAMA,408.9,401039,YAMATACHI tr?n C161,,17
1302,C162,YAMATACHI,Rubber V Belt YAMATACHI C162,CR.CT.162.YAMA,411.5,401039,YAMATACHI tr?n C162,,17
1303,C163,YAMATACHI,Rubber V Belt YAMATACHI C163,CR.CT.163.YAMA,414,401039,YAMATACHI tr?n C163,,17
1304,C164,YAMATACHI,Rubber V Belt YAMATACHI C164,CR.CT.164.YAMA,416.6,401039,YAMATACHI tr?n C164,,17
1305,C165,YAMATACHI,Rubber V Belt YAMATACHI C165,CR.CT.165.YAMA,419.1,401039,YAMATACHI tr?n C165,,17
1306,C166,YAMATACHI,Rubber V Belt YAMATACHI C166,CR.CT.166.YAMA,421.6,401039,YAMATACHI tr?n C166,,17
1307,C167,YAMATACHI,Rubber V Belt YAMATACHI C167,CR.CT.167.YAMA,424.2,401039,YAMATACHI tr?n C167,,17
1308,C168,YAMATACHI,Rubber V Belt YAMATACHI C168,CR.CT.168.YAMA,426.7,401039,YAMATACHI tr?n C168,,17
1309,C169,YAMATACHI,Rubber V Belt YAMATACHI C169,CR.CT.169.YAMA,429.3,401039,YAMATACHI tr?n C169,,17
1310,C170,YAMATACHI,Rubber V Belt YAMATACHI C170,CR.CT.170.YAMA,431.8,401039,YAMATACHI tr?n C170,,16
1311,C171,YAMATACHI,Rubber V Belt YAMATACHI C171,CR.CT.171.YAMA,434.3,401039,YAMATACHI tr?n C171,,16
1312,C172,YAMATACHI,Rubber V Belt YAMATACHI C172,CR.CT.172.YAMA,436.9,401039,YAMATACHI tr?n C172,,16
1313,C173,YAMATACHI,Rubber V Belt YAMATACHI C173,CR.CT.173.YAMA,439.4,401039,YAMATACHI tr?n C173,,16
1314,C174,YAMATACHI,Rubber V Belt YAMATACHI C174,CR.CT.174.YAMA,442,401039,YAMATACHI tr?n C174,,16
1315,C175,YAMATACHI,Rubber V Belt YAMATACHI C175,CR.CT.175.YAMA,444.5,401039,YAMATACHI tr?n C175,,16
1316,C176,YAMATACHI,Rubber V Belt YAMATACHI C176,CR.CT.176.YAMA,447,401039,YAMATACHI tr?n C176,,16
1317,C177,YAMATACHI,Rubber V Belt YAMATACHI C177,CR.CT.177.YAMA,449.6,401039,YAMATACHI tr?n C177,,16
1318,C178,YAMATACHI,Rubber V Belt YAMATACHI C178,CR.CT.178.YAMA,452.1,401039,YAMATACHI tr?n C178,,16
1319,C179,YAMATACHI,Rubber V Belt YAMATACHI C179,CR.CT.179.YAMA,454.7,401039,YAMATACHI tr?n C179,,16
1320,C180,YAMATACHI,Rubber V Belt YAMATACHI C180,CR.CT.180.YAMA,457.2,401039,YAMATACHI tr?n C180,,16
1321,C181,YAMATACHI,Rubber V Belt YAMATACHI C181,CR.CT.181.YAMA,459.7,401039,YAMATACHI tr?n C181,,16
1322,C182,YAMATACHI,Rubber V Belt YAMATACHI C182,CR.CT.182.YAMA,462.3,401039,YAMATACHI tr?n C182,,15
1323,C183,YAMATACHI,Rubber V Belt YAMATACHI C183,CR.CT.183.YAMA,464.8,401039,YAMATACHI tr?n C183,,15
1324,C184,YAMATACHI,Rubber V Belt YAMATACHI C184,CR.CT.184.YAMA,467.4,401039,YAMATACHI tr?n C184,,15
1325,C185,YAMATACHI,Rubber V Belt YAMATACHI C185,CR.CT.185.YAMA,469.9,401039,YAMATACHI tr?n C185,,15
1326,C186,YAMATACHI,Rubber V Belt YAMATACHI C186,CR.CT.186.YAMA,472.4,401039,YAMATACHI tr?n C186,,15
1327,C187,YAMATACHI,Rubber V Belt YAMATACHI C187,CR.CT.187.YAMA,475,401039,YAMATACHI tr?n C187,,15
1328,C188,YAMATACHI,Rubber V Belt YAMATACHI C188,CR.CT.188.YAMA,477.5,401039,YAMATACHI tr?n C188,,15
1329,C189,YAMATACHI,Rubber V Belt YAMATACHI C189,CR.CT.189.YAMA,480.1,401039,YAMATACHI tr?n C189,,15
1330,C190,YAMATACHI,Rubber V Belt YAMATACHI C190,CR.CT.190.YAMA,482.6,401039,YAMATACHI tr?n C190,,15
1331,C191,YAMATACHI,Rubber V Belt YAMATACHI C191,CR.CT.191.YAMA,485.1,401039,YAMATACHI tr?n C191,,15
1332,C192,YAMATACHI,Rubber V Belt YAMATACHI C192,CR.CT.192.YAMA,487.7,401039,YAMATACHI tr?n C192,,15
1333,C193,YAMATACHI,Rubber V Belt YAMATACHI C193,CR.CT.193.YAMA,490.2,401039,YAMATACHI tr?n C193,,15
1334,C194,YAMATACHI,Rubber V Belt YAMATACHI C194,CR.CT.194.YAMA,492.8,401039,YAMATACHI tr?n C194,,15
1335,C195,YAMATACHI,Rubber V Belt YAMATACHI C195,CR.CT.195.YAMA,495.3,401039,YAMATACHI tr?n C195,,15
1336,C196,YAMATACHI,Rubber V Belt YAMATACHI C196,CR.CT.196.YAMA,497.8,401039,YAMATACHI tr?n C196,,15
1337,C197,YAMATACHI,Rubber V Belt YAMATACHI C197,CR.CT.197.YAMA,500.4,401039,YAMATACHI tr?n C197,,13
1338,C198,YAMATACHI,Rubber V Belt YAMATACHI C198,CR.CT.198.YAMA,502.9,401039,YAMATACHI tr?n C198,,13
1339,C199,YAMATACHI,Rubber V Belt YAMATACHI C199,CR.CT.199.YAMA,505.5,401039,YAMATACHI tr?n C199,,13
1340,C200,YAMATACHI,Rubber V Belt YAMATACHI C200,CR.CT.200.YAMA,508,401039,YAMATACHI tr?n C200,,13
1341,C201,YAMATACHI,Rubber V Belt YAMATACHI C201,CR.CT.201.YAMA,510.5,401039,YAMATACHI tr?n C201,,13
1342,C202,YAMATACHI,Rubber V Belt YAMATACHI C202,CR.CT.202.YAMA,513.1,401039,YAMATACHI tr?n C202,,13
1343,C203,YAMATACHI,Rubber V Belt YAMATACHI C203,CR.CT.203.YAMA,515.6,401039,YAMATACHI tr?n C203,,13
1344,C204,YAMATACHI,Rubber V Belt YAMATACHI C204,CR.CT.204.YAMA,518.2,401039,YAMATACHI tr?n C204,,13
1345,C205,YAMATACHI,Rubber V Belt YAMATACHI C205,CR.CT.205.YAMA,520.7,401039,YAMATACHI tr?n C205,,13
1346,C206,YAMATACHI,Rubber V Belt YAMATACHI C206,CR.CT.206.YAMA,523.2,401039,YAMATACHI tr?n C206,,13
1347,C207,YAMATACHI,Rubber V Belt YAMATACHI C207,CR.CT.207.YAMA,525.8,401039,YAMATACHI tr?n C207,,13
1348,C208,YAMATACHI,Rubber V Belt YAMATACHI C208,CR.CT.208.YAMA,528.3,401039,YAMATACHI tr?n C208,,13
1349,C209,YAMATACHI,Rubber V Belt YAMATACHI C209,CR.CT.209.YAMA,530.9,401039,YAMATACHI tr?n C209,,13
1350,C210,YAMATACHI,Rubber V Belt YAMATACHI C210,CR.CT.210.YAMA,533.4,401039,YAMATACHI tr?n C210,,12
1351,C211,YAMATACHI,Rubber V Belt YAMATACHI C211,CR.CT.211.YAMA,535.9,401039,YAMATACHI tr?n C211,,12
1352,C212,YAMATACHI,Rubber V Belt YAMATACHI C212,CR.CT.212.YAMA,538.5,401039,YAMATACHI tr?n C212,,12
1353,C213,YAMATACHI,Rubber V Belt YAMATACHI C213,CR.CT.213.YAMA,541,401039,YAMATACHI tr?n C213,,12
1354,C214,YAMATACHI,Rubber V Belt YAMATACHI C214,CR.CT.214.YAMA,543.6,401039,YAMATACHI tr?n C214,,12
1355,C215,YAMATACHI,Rubber V Belt YAMATACHI C215,CR.CT.215.YAMA,546.1,401039,YAMATACHI tr?n C215,,12
1356,C216,YAMATACHI,Rubber V Belt YAMATACHI C216,CR.CT.216.YAMA,548.6,401039,YAMATACHI tr?n C216,,12
1357,C217,YAMATACHI,Rubber V Belt YAMATACHI C217,CR.CT.217.YAMA,551.2,401039,YAMATACHI tr?n C217,,12
1358,C218,YAMATACHI,Rubber V Belt YAMATACHI C218,CR.CT.218.YAMA,553.7,401039,YAMATACHI tr?n C218,,12
1359,C219,YAMATACHI,Rubber V Belt YAMATACHI C219,CR.CT.219.YAMA,556.3,401039,YAMATACHI tr?n C219,,12
1360,C220,YAMATACHI,Rubber V Belt YAMATACHI C220,CR.CT.220.YAMA,558.8,401039,YAMATACHI tr?n C220,,12
1361,C221,YAMATACHI,Rubber V Belt YAMATACHI C221,CR.CT.221.YAMA,561.3,401039,YAMATACHI tr?n C221,,12
1362,C222,YAMATACHI,Rubber V Belt YAMATACHI C222,CR.CT.222.YAMA,563.9,401039,YAMATACHI tr?n C222,,12
1363,C223,YAMATACHI,Rubber V Belt YAMATACHI C223,CR.CT.223.YAMA,566.4,401039,YAMATACHI tr?n C223,,12
1364,C224,YAMATACHI,Rubber V Belt YAMATACHI C224,CR.CT.224.YAMA,569,401039,YAMATACHI tr?n C224,,12
1365,C225,YAMATACHI,Rubber V Belt YAMATACHI C225,CR.CT.225.YAMA,571.5,401039,YAMATACHI tr?n C225,,12
1366,C226,YAMATACHI,Rubber V Belt YAMATACHI C226,CR.CT.226.YAMA,574,401039,YAMATACHI tr?n C226,,12
1367,C227,YAMATACHI,Rubber V Belt YAMATACHI C227,CR.CT.227.YAMA,576.6,401039,YAMATACHI tr?n C227,,12
1368,C228,YAMATACHI,Rubber V Belt YAMATACHI C228,CR.CT.228.YAMA,579.1,401039,YAMATACHI tr?n C228,,12
1369,C229,YAMATACHI,Rubber V Belt YAMATACHI C229,CR.CT.229.YAMA,581.7,401039,YAMATACHI tr?n C229,,12
1370,C230,YAMATACHI,Rubber V Belt YAMATACHI C230,CR.CT.230.YAMA,584.2,401039,YAMATACHI tr?n C230,,12
1371,C231,YAMATACHI,Rubber V Belt YAMATACHI C231,CR.CT.231.YAMA,586.7,401039,YAMATACHI tr?n C231,,12
1372,C232,YAMATACHI,Rubber V Belt YAMATACHI C232,CR.CT.232.YAMA,589.3,401039,YAMATACHI tr?n C232,,12
1373,C233,YAMATACHI,Rubber V Belt YAMATACHI C233,CR.CT.233.YAMA,591.8,401039,YAMATACHI tr?n C233,,12
1374,C234,YAMATACHI,Rubber V Belt YAMATACHI C234,CR.CT.234.YAMA,594.4,401039,YAMATACHI tr?n C234,,10
1375,C235,YAMATACHI,Rubber V Belt YAMATACHI C235,CR.CT.235.YAMA,596.9,401039,YAMATACHI tr?n C235,,10
1376,C236,YAMATACHI,Rubber V Belt YAMATACHI C236,CR.CT.236.YAMA,599.4,401039,YAMATACHI tr?n C236,,10
1377,C237,YAMATACHI,Rubber V Belt YAMATACHI C237,CR.CT.237.YAMA,602,401039,YAMATACHI tr?n C237,,10
1378,C238,YAMATACHI,Rubber V Belt YAMATACHI C238,CR.CT.238.YAMA,604.5,401039,YAMATACHI tr?n C238,,10
1379,C239,YAMATACHI,Rubber V Belt YAMATACHI C239,CR.CT.239.YAMA,607.1,401039,YAMATACHI tr?n C239,,10
1380,C240,YAMATACHI,Rubber V Belt YAMATACHI C240,CR.CT.240.YAMA,609.6,401039,YAMATACHI tr?n C240,,10
1381,C241,YAMATACHI,Rubber V Belt YAMATACHI C241,CR.CT.241.YAMA,612.1,401039,YAMATACHI tr?n C241,,10
1382,C242,YAMATACHI,Rubber V Belt YAMATACHI C242,CR.CT.242.YAMA,614.7,401039,YAMATACHI tr?n C242,,10
1383,C243,YAMATACHI,Rubber V Belt YAMATACHI C243,CR.CT.243.YAMA,617.2,401039,YAMATACHI tr?n C243,,10
1384,C244,YAMATACHI,Rubber V Belt YAMATACHI C244,CR.CT.244.YAMA,619.8,401039,YAMATACHI tr?n C244,,10
1385,C245,YAMATACHI,Rubber V Belt YAMATACHI C245,CR.CT.245.YAMA,622.3,401039,YAMATACHI tr?n C245,,10
1386,C246,YAMATACHI,Rubber V Belt YAMATACHI C246,CR.CT.246.YAMA,624.8,401039,YAMATACHI tr?n C246,,10
1387,C247,YAMATACHI,Rubber V Belt YAMATACHI C247,CR.CT.247.YAMA,627.4,401039,YAMATACHI tr?n C247,,10
1388,C248,YAMATACHI,Rubber V Belt YAMATACHI C248,CR.CT.248.YAMA,629.9,401039,YAMATACHI tr?n C248,,10
1389,C249,YAMATACHI,Rubber V Belt YAMATACHI C249,CR.CT.249.YAMA,632.5,401039,YAMATACHI tr?n C249,,10
1390,C250,YAMATACHI,Rubber V Belt YAMATACHI C250,CR.CT.250.YAMA,635,401039,YAMATACHI tr?n C250,,10
1391,C251,YAMATACHI,Rubber V Belt YAMATACHI C251,CR.CT.251.YAMA,637.5,401039,YAMATACHI tr?n C251,,10
1392,C252,YAMATACHI,Rubber V Belt YAMATACHI C252,CR.CT.252.YAMA,640.1,401039,YAMATACHI tr?n C252,,10
1393,C253,YAMATACHI,Rubber V Belt YAMATACHI C253,CR.CT.253.YAMA,642.6,401039,YAMATACHI tr?n C253,,10
1394,C254,YAMATACHI,Rubber V Belt YAMATACHI C254,CR.CT.254.YAMA,645.2,401039,YAMATACHI tr?n C254,,10
1395,C255,YAMATACHI,Rubber V Belt YAMATACHI C255,CR.CT.255.YAMA,647.7,401039,YAMATACHI tr?n C255,,10
1396,C256,YAMATACHI,Rubber V Belt YAMATACHI C256,CR.CT.256.YAMA,650.2,401039,YAMATACHI tr?n C256,,10
1397,C257,YAMATACHI,Rubber V Belt YAMATACHI C257,CR.CT.257.YAMA,652.8,401039,YAMATACHI tr?n C257,,10
1398,C258,YAMATACHI,Rubber V Belt YAMATACHI C258,CR.CT.258.YAMA,655.3,401039,YAMATACHI tr?n C258,,10
1399,C259,YAMATACHI,Rubber V Belt YAMATACHI C259,CR.CT.259.YAMA,657.9,401039,YAMATACHI tr?n C259,,10
1400,C260,YAMATACHI,Rubber V Belt YAMATACHI C260,CR.CT.260.YAMA,660.4,401039,YAMATACHI tr?n C260,,8
1401,C264,YAMATACHI,Rubber V Belt YAMATACHI C264,CR.CT.264.YAMA,670.6,401039,YAMATACHI tr?n C264,,8
1402,C265,YAMATACHI,Rubber V Belt YAMATACHI C265,CR.CT.265.YAMA,673.1,401039,YAMATACHI tr?n C265,,8
1403,C270,YAMATACHI,Rubber V Belt YAMATACHI C270,CR.CT.270.YAMA,685.8,401039,YAMATACHI tr?n C270,,8
1404,C272,YAMATACHI,Rubber V Belt YAMATACHI C272,CR.CT.272.YAMA,690.9,401039,YAMATACHI tr?n C272,,8
1405,C275,YAMATACHI,Rubber V Belt YAMATACHI C275,CR.CT.275.YAMA,698.5,401039,YAMATACHI tr?n C275,,8
1406,C280,YAMATACHI,Rubber V Belt YAMATACHI C280,CR.CT.280.YAMA,711.2,401039,YAMATACHI tr?n C280,,8
1407,C285,YAMATACHI,Rubber V Belt YAMATACHI C285,CR.CT.285.YAMA,723.9,401039,YAMATACHI tr?n C285,,8
1408,C287,YAMATACHI,Rubber V Belt YAMATACHI C287,CR.CT.287.YAMA,729,401039,YAMATACHI tr?n C287,,8
1409,C290,YAMATACHI,Rubber V Belt YAMATACHI C290,CR.CT.290.YAMA,736.6,401039,YAMATACHI tr?n C290,,8
1410,C50,YAMATACHI,Rubber V Belt YAMATACHI C50,CR.CT.050.YAMA,127,401032,YAMATACHI tr?n C50,,60
1411,C51,YAMATACHI,Rubber V Belt YAMATACHI C51,CR.CT.051.YAMA,129.5,401032,YAMATACHI tr?n C51,,60
1412,C52,YAMATACHI,Rubber V Belt YAMATACHI C52,CR.CT.052.YAMA,132.1,401032,YAMATACHI tr?n C52,,60
1413,C53,YAMATACHI,Rubber V Belt YAMATACHI C53,CR.CT.053.YAMA,134.6,401032,YAMATACHI tr?n C53,,50
1414,C54,YAMATACHI,Rubber V Belt YAMATACHI C54,CR.CT.054.YAMA,137.2,401032,YAMATACHI tr?n C54,,50
1415,C55,YAMATACHI,Rubber V Belt YAMATACHI C55,CR.CT.055.YAMA,139.7,401032,YAMATACHI tr?n C55,,50
1416,C56,YAMATACHI,Rubber V Belt YAMATACHI C56,CR.CT.056.YAMA,142.2,401032,YAMATACHI tr?n C56,,50
1417,C57,YAMATACHI,Rubber V Belt YAMATACHI C57,CR.CT.057.YAMA,144.8,401032,YAMATACHI tr?n C57,,50
1418,C58,YAMATACHI,Rubber V Belt YAMATACHI C58,CR.CT.058.YAMA,147.3,401032,YAMATACHI tr?n C58,,50
1419,C59,YAMATACHI,Rubber V Belt YAMATACHI C59,CR.CT.059.YAMA,149.9,401032,YAMATACHI tr?n C59,,50
1420,C60,YAMATACHI,Rubber V Belt YAMATACHI C60,CR.CT.060.YAMA,152.4,401032,YAMATACHI tr?n C60,,50
1421,C61,YAMATACHI,Rubber V Belt YAMATACHI C61,CR.CT.061.YAMA,154.9,401032,YAMATACHI tr?n C61,,50
1422,C62,YAMATACHI,Rubber V Belt YAMATACHI C62,CR.CT.062.YAMA,157.5,401032,YAMATACHI tr?n C62,,50
1423,C63,YAMATACHI,Rubber V Belt YAMATACHI C63,CR.CT.063.YAMA,160,401032,YAMATACHI tr?n C63,,40
1424,C64,YAMATACHI,Rubber V Belt YAMATACHI C64,CR.CT.064.YAMA,162.6,401032,YAMATACHI tr?n C64,,40
1425,C65,YAMATACHI,Rubber V Belt YAMATACHI C65,CR.CT.065.YAMA,165.1,401032,YAMATACHI tr?n C65,,40
1426,C66,YAMATACHI,Rubber V Belt YAMATACHI C66,CR.CT.066.YAMA,167.6,401032,YAMATACHI tr?n C66,,40
1427,C67,YAMATACHI,Rubber V Belt YAMATACHI C67,CR.CT.067.YAMA,170.2,401032,YAMATACHI tr?n C67,,40
1428,C68,YAMATACHI,Rubber V Belt YAMATACHI C68,CR.CT.068.YAMA,172.7,401032,YAMATACHI tr?n C68,,40
1429,C69,YAMATACHI,Rubber V Belt YAMATACHI C69,CR.CT.069.YAMA,175.3,401032,YAMATACHI tr?n C69,,40
1430,C70,YAMATACHI,Rubber V Belt YAMATACHI C70,CR.CT.070.YAMA,177.8,401032,YAMATACHI tr?n C70,,40
1431,C71,YAMATACHI,Rubber V Belt YAMATACHI C71,CR.CT.071.YAMA,180.3,401034,YAMATACHI tr?n C71,,40
1432,C72,YAMATACHI,Rubber V Belt YAMATACHI C72,CR.CT.072.YAMA,182.9,401034,YAMATACHI tr?n C72,,40
1433,C73,YAMATACHI,Rubber V Belt YAMATACHI C73,CR.CT.073.YAMA,185.4,401034,YAMATACHI tr?n C73,,40
1434,C74,YAMATACHI,Rubber V Belt YAMATACHI C74,CR.CT.074.YAMA,188,401034,YAMATACHI tr?n C74,,40
1435,C75,YAMATACHI,Rubber V Belt YAMATACHI C75,CR.CT.075.YAMA,190.5,401034,YAMATACHI tr?n C75,,40
1436,C76,YAMATACHI,Rubber V Belt YAMATACHI C76,CR.CT.076.YAMA,193,401034,YAMATACHI tr?n C76,,40
1437,C77,YAMATACHI,Rubber V Belt YAMATACHI C77,CR.CT.077.YAMA,195.6,401034,YAMATACHI tr?n C77,,40
1438,C78,YAMATACHI,Rubber V Belt YAMATACHI C78,CR.CT.078.YAMA,198.1,401034,YAMATACHI tr?n C78,,40
1439,C79,YAMATACHI,Rubber V Belt YAMATACHI C79,CR.CT.079.YAMA,200.7,401034,YAMATACHI tr?n C79,,35
1440,C80,YAMATACHI,Rubber V Belt YAMATACHI C80,CR.CT.080.YAMA,203.2,401034,YAMATACHI tr?n C80,,35
1441,C81,YAMATACHI,Rubber V Belt YAMATACHI C81,CR.CT.081.YAMA,205.7,401034,YAMATACHI tr?n C81,,35
1442,C82,YAMATACHI,Rubber V Belt YAMATACHI C82,CR.CT.082.YAMA,208.3,401034,YAMATACHI tr?n C82,,35
1443,C83,YAMATACHI,Rubber V Belt YAMATACHI C83,CR.CT.083.YAMA,210.8,401034,YAMATACHI tr?n C83,,35
1444,C84,YAMATACHI,Rubber V Belt YAMATACHI C84,CR.CT.084.YAMA,213.4,401034,YAMATACHI tr?n C84,,35
1445,C85,YAMATACHI,Rubber V Belt YAMATACHI C85,CR.CT.085.YAMA,215.9,401034,YAMATACHI tr?n C85,,30
1446,C86,YAMATACHI,Rubber V Belt YAMATACHI C86,CR.CT.086.YAMA,218.4,401034,YAMATACHI tr?n C86,,30
1447,C87,YAMATACHI,Rubber V Belt YAMATACHI C87,CR.CT.087.YAMA,221,401034,YAMATACHI tr?n C87,,30
1448,C88,YAMATACHI,Rubber V Belt YAMATACHI C88,CR.CT.088.YAMA,223.5,401034,YAMATACHI tr?n C88,,30
1449,C89,YAMATACHI,Rubber V Belt YAMATACHI C89,CR.CT.089.YAMA,226.1,401034,YAMATACHI tr?n C89,,30
1450,C90,YAMATACHI,Rubber V Belt YAMATACHI C90,CR.CT.090.YAMA,228.6,401034,YAMATACHI tr?n C90,,30
1451,C91,YAMATACHI,Rubber V Belt YAMATACHI C91,CR.CT.091.YAMA,231.1,401034,YAMATACHI tr?n C91,,30
1452,C92,YAMATACHI,Rubber V Belt YAMATACHI C92,CR.CT.092.YAMA,233.7,401034,YAMATACHI tr?n C92,,30
1453,C93,YAMATACHI,Rubber V Belt YAMATACHI C93,CR.CT.093.YAMA,236.2,401034,YAMATACHI tr?n C93,,30
1454,C94,YAMATACHI,Rubber V Belt YAMATACHI C94,CR.CT.094.YAMA,238.8,401034,YAMATACHI tr?n C94,,30
1455,C95,YAMATACHI,Rubber V Belt YAMATACHI C95,CR.CT.095.YAMA,241.3,401039,YAMATACHI tr?n C95,,30
1456,C96,YAMATACHI,Rubber V Belt YAMATACHI C96,CR.CT.096.YAMA,243.8,401039,YAMATACHI tr?n C96,,30
1457,C97,YAMATACHI,Rubber V Belt YAMATACHI C97,CR.CT.097.YAMA,246.4,401039,YAMATACHI tr?n C97,,30
1458,C98,YAMATACHI,Rubber V Belt YAMATACHI C98,CR.CT.098.YAMA,248.9,401039,YAMATACHI tr?n C98,,30
1459,C99,YAMATACHI,Rubber V Belt YAMATACHI C99,CR.CT.099.YAMA,251.5,401039,YAMATACHI tr?n C99,,30
1460,D100,YAMATACHI,Rubber V Belt YAMATACHI D100,CR.DT.100.YAMA,254,401039,YAMATACHI tr?n D100,,14
1461,D101,YAMATACHI,Rubber V Belt YAMATACHI D101,CR.DT.101.YAMA,256.5,401039,YAMATACHI tr?n D101,,14
1462,D102,YAMATACHI,Rubber V Belt YAMATACHI D102,CR.DT.102.YAMA,259.1,401039,YAMATACHI tr?n D102,,14
1463,D103,YAMATACHI,Rubber V Belt YAMATACHI D103,CR.DT.103.YAMA,261.6,401039,YAMATACHI tr?n D103,,13
1464,D104,YAMATACHI,Rubber V Belt YAMATACHI D104,CR.DT.104.YAMA,264.2,401039,YAMATACHI tr?n D104,,13
1465,D105,YAMATACHI,Rubber V Belt YAMATACHI D105,CR.DT.105.YAMA,266.7,401039,YAMATACHI tr?n D105,,10
1466,D106,YAMATACHI,Rubber V Belt YAMATACHI D106,CR.DT.106.YAMA,269.2,401039,YAMATACHI tr?n D106,,10
1467,D107,YAMATACHI,Rubber V Belt YAMATACHI D107,CR.DT.107.YAMA,271.8,401039,YAMATACHI tr?n D107,,10
1468,D108,YAMATACHI,Rubber V Belt YAMATACHI D108,CR.DT.108.YAMA,274.3,401039,YAMATACHI tr?n D108,,10
1469,D109,YAMATACHI,Rubber V Belt YAMATACHI D109,CR.DT.109.YAMA,276.9,401039,YAMATACHI tr?n D109,,10
1470,D110,YAMATACHI,Rubber V Belt YAMATACHI D110,CR.DT.110.YAMA,279.4,401039,YAMATACHI tr?n D110,,10
1471,D111,YAMATACHI,Rubber V Belt YAMATACHI D111,CR.DT.111.YAMA,281.9,401039,YAMATACHI tr?n D111,,10
1472,D112,YAMATACHI,Rubber V Belt YAMATACHI D112,CR.DT.112.YAMA,284.5,401039,YAMATACHI tr?n D112,,10
1473,D113,YAMATACHI,Rubber V Belt YAMATACHI D113,CR.DT.113.YAMA,287,401039,YAMATACHI tr?n D113,,10
1474,D114,YAMATACHI,Rubber V Belt YAMATACHI D114,CR.DT.114.YAMA,289.6,401039,YAMATACHI tr?n D114,,10
1475,D115,YAMATACHI,Rubber V Belt YAMATACHI D115,CR.DT.115.YAMA,292.1,401039,YAMATACHI tr?n D115,,10
1476,D116,YAMATACHI,Rubber V Belt YAMATACHI D116,CR.DT.116.YAMA,294.6,401039,YAMATACHI tr?n D116,,10
1477,D117,YAMATACHI,Rubber V Belt YAMATACHI D117,CR.DT.117.YAMA,297.2,401039,YAMATACHI tr?n D117,,10
1478,D118,YAMATACHI,Rubber V Belt YAMATACHI D118,CR.DT.118.YAMA,299.7,401039,YAMATACHI tr?n D118,,10
1479,D119,YAMATACHI,Rubber V Belt YAMATACHI D119,CR.DT.119.YAMA,302.3,401039,YAMATACHI tr?n D119,,10
1480,D120,YAMATACHI,Rubber V Belt YAMATACHI D120,CR.DT.120.YAMA,304.8,401039,YAMATACHI tr?n D120,,10
1481,D121,YAMATACHI,Rubber V Belt YAMATACHI D121,CR.DT.121.YAMA,307.3,401039,YAMATACHI tr?n D121,,10
1482,D122,YAMATACHI,Rubber V Belt YAMATACHI D122,CR.DT.122.YAMA,309.9,401039,YAMATACHI tr?n D122,,10
1483,D123,YAMATACHI,Rubber V Belt YAMATACHI D123,CR.DT.123.YAMA,312.4,401039,YAMATACHI tr?n D123,,10
1484,D124,YAMATACHI,Rubber V Belt YAMATACHI D124,CR.DT.124.YAMA,315,401039,YAMATACHI tr?n D124,,10
1485,D125,YAMATACHI,Rubber V Belt YAMATACHI D125,CR.DT.125.YAMA,317.5,401039,YAMATACHI tr?n D125,,10
1486,D126,YAMATACHI,Rubber V Belt YAMATACHI D126,CR.DT.126.YAMA,320,401039,YAMATACHI tr?n D126,,10
1487,D127,YAMATACHI,Rubber V Belt YAMATACHI D127,CR.DT.127.YAMA,322.6,401039,YAMATACHI tr?n D127,,10
1488,D128,YAMATACHI,Rubber V Belt YAMATACHI D128,CR.DT.128.YAMA,325.1,401039,YAMATACHI tr?n D128,,10
1489,D129,YAMATACHI,Rubber V Belt YAMATACHI D129,CR.DT.129.YAMA,327.7,401039,YAMATACHI tr?n D129,,10
1490,D130,YAMATACHI,Rubber V Belt YAMATACHI D130,CR.DT.130.YAMA,330.2,401039,YAMATACHI tr?n D130,,10
1491,D131,YAMATACHI,Rubber V Belt YAMATACHI D131,CR.DT.131.YAMA,332.7,401039,YAMATACHI tr?n D131,,10
1492,D132,YAMATACHI,Rubber V Belt YAMATACHI D132,CR.DT.132.YAMA,335.3,401039,YAMATACHI tr?n D132,,10
1493,D133,YAMATACHI,Rubber V Belt YAMATACHI D133,CR.DT.133.YAMA,337.8,401039,YAMATACHI tr?n D133,,10
1494,D134,YAMATACHI,Rubber V Belt YAMATACHI D134,CR.DT.134.YAMA,340.4,401039,YAMATACHI tr?n D134,,10
1495,D135,YAMATACHI,Rubber V Belt YAMATACHI D135,CR.DT.135.YAMA,342.9,401039,YAMATACHI tr?n D135,,10
1496,D136,YAMATACHI,Rubber V Belt YAMATACHI D136,CR.DT.136.YAMA,345.4,401039,YAMATACHI tr?n D136,,10
1497,D137,YAMATACHI,Rubber V Belt YAMATACHI D137,CR.DT.137.YAMA,348,401039,YAMATACHI tr?n D137,,10
1498,D138,YAMATACHI,Rubber V Belt YAMATACHI D138,CR.DT.138.YAMA,350.5,401039,YAMATACHI tr?n D138,,10
1499,D139,YAMATACHI,Rubber V Belt YAMATACHI D139,CR.DT.139.YAMA,353.1,401039,YAMATACHI tr?n D139,,10
1500,D140,YAMATACHI,Rubber V Belt YAMATACHI D140,CR.DT.140.YAMA,355.6,401039,YAMATACHI tr?n D140,,10
1501,D141,YAMATACHI,Rubber V Belt YAMATACHI D141,CR.DT.141.YAMA,358.1,401039,YAMATACHI tr?n D141,,9
1502,D142,YAMATACHI,Rubber V Belt YAMATACHI D142,CR.DT.142.YAMA,360.7,401039,YAMATACHI tr?n D142,,9
1503,D143,YAMATACHI,Rubber V Belt YAMATACHI D143,CR.DT.143.YAMA,363.2,401039,YAMATACHI tr?n D143,,9
1504,D144,YAMATACHI,Rubber V Belt YAMATACHI D144,CR.DT.144.YAMA,365.8,401039,YAMATACHI tr?n D144,,9
1505,D145,YAMATACHI,Rubber V Belt YAMATACHI D145,CR.DT.145.YAMA,368.3,401039,YAMATACHI tr?n D145,,9
1506,D146,YAMATACHI,Rubber V Belt YAMATACHI D146,CR.DT.146.YAMA,370.8,401039,YAMATACHI tr?n D146,,9
1507,D147,YAMATACHI,Rubber V Belt YAMATACHI D147,CR.DT.147.YAMA,373.4,401039,YAMATACHI tr?n D147,,9
1508,D148,YAMATACHI,Rubber V Belt YAMATACHI D148,CR.DT.148.YAMA,375.9,401039,YAMATACHI tr?n D148,,9
1509,D149,YAMATACHI,Rubber V Belt YAMATACHI D149,CR.DT.149.YAMA,378.5,401039,YAMATACHI tr?n D149,,9
1510,D150,YAMATACHI,Rubber V Belt YAMATACHI D150,CR.DT.150.YAMA,381,401039,YAMATACHI tr?n D150,,9
1511,D151,YAMATACHI,Rubber V Belt YAMATACHI D151,CR.DT.151.YAMA,383.5,401039,YAMATACHI tr?n D151,,9
1512,D152,YAMATACHI,Rubber V Belt YAMATACHI D152,CR.DT.152.YAMA,386.1,401039,YAMATACHI tr?n D152,,9
1513,D153,YAMATACHI,Rubber V Belt YAMATACHI D153,CR.DT.153.YAMA,388.6,401039,YAMATACHI tr?n D153,,9
1514,D154,YAMATACHI,Rubber V Belt YAMATACHI D154,CR.DT.154.YAMA,391.2,401039,YAMATACHI tr?n D154,,9
1515,D155,YAMATACHI,Rubber V Belt YAMATACHI D155,CR.DT.155.YAMA,393.7,401039,YAMATACHI tr?n D155,,9
1516,D156,YAMATACHI,Rubber V Belt YAMATACHI D156,CR.DT.156.YAMA,396.2,401039,YAMATACHI tr?n D156,,9
1517,D157,YAMATACHI,Rubber V Belt YAMATACHI D157,CR.DT.157.YAMA,398.8,401039,YAMATACHI tr?n D157,,9
1518,D158,YAMATACHI,Rubber V Belt YAMATACHI D158,CR.DT.158.YAMA,401.3,401039,YAMATACHI tr?n D158,,9
1519,D159,YAMATACHI,Rubber V Belt YAMATACHI D159,CR.DT.159.YAMA,403.9,401039,YAMATACHI tr?n D159,,9
1520,D160,YAMATACHI,Rubber V Belt YAMATACHI D160,CR.DT.160.YAMA,406.4,401039,YAMATACHI tr?n D160,,9
1521,D161,YAMATACHI,Rubber V Belt YAMATACHI D161,CR.DT.161.YAMA,408.9,401039,YAMATACHI tr?n D161,,8
1522,D162,YAMATACHI,Rubber V Belt YAMATACHI D162,CR.DT.162.YAMA,411.5,401039,YAMATACHI tr?n D162,,8
1523,D163,YAMATACHI,Rubber V Belt YAMATACHI D163,CR.DT.163.YAMA,414,401039,YAMATACHI tr?n D163,,8
1524,D164,YAMATACHI,Rubber V Belt YAMATACHI D164,CR.DT.164.YAMA,416.6,401039,YAMATACHI tr?n D164,,8
1525,D165,YAMATACHI,Rubber V Belt YAMATACHI D165,CR.DT.165.YAMA,419.1,401039,YAMATACHI tr?n D165,,8
1526,D166,YAMATACHI,Rubber V Belt YAMATACHI D166,CR.DT.166.YAMA,421.6,401039,YAMATACHI tr?n D166,,8
1527,D167,YAMATACHI,Rubber V Belt YAMATACHI D167,CR.DT.167.YAMA,424.2,401039,YAMATACHI tr?n D167,,8
1528,D168,YAMATACHI,Rubber V Belt YAMATACHI D168,CR.DT.168.YAMA,426.7,401039,YAMATACHI tr?n D168,,8
1529,D169,YAMATACHI,Rubber V Belt YAMATACHI D169,CR.DT.169.YAMA,429.3,401039,YAMATACHI tr?n D169,,8
1530,D170,YAMATACHI,Rubber V Belt YAMATACHI D170,CR.DT.170.YAMA,431.8,401039,YAMATACHI tr?n D170,,8
1531,D171,YAMATACHI,Rubber V Belt YAMATACHI D171,CR.DT.171.YAMA,434.3,401039,YAMATACHI tr?n D171,,8
1532,D172,YAMATACHI,Rubber V Belt YAMATACHI D172,CR.DT.172.YAMA,436.9,401039,YAMATACHI tr?n D172,,8
1533,D173,YAMATACHI,Rubber V Belt YAMATACHI D173,CR.DT.173.YAMA,439.4,401039,YAMATACHI tr?n D173,,8
1534,D174,YAMATACHI,Rubber V Belt YAMATACHI D174,CR.DT.174.YAMA,442,401039,YAMATACHI tr?n D174,,8
1535,D175,YAMATACHI,Rubber V Belt YAMATACHI D175,CR.DT.175.YAMA,444.5,401039,YAMATACHI tr?n D175,,8
1536,D176,YAMATACHI,Rubber V Belt YAMATACHI D176,CR.DT.176.YAMA,447,401039,YAMATACHI tr?n D176,,8
1537,D177,YAMATACHI,Rubber V Belt YAMATACHI D177,CR.DT.177.YAMA,449.6,401039,YAMATACHI tr?n D177,,8
1538,D178,YAMATACHI,Rubber V Belt YAMATACHI D178,CR.DT.178.YAMA,452.1,401039,YAMATACHI tr?n D178,,8
1539,D179,YAMATACHI,Rubber V Belt YAMATACHI D179,CR.DT.179.YAMA,454.7,401039,YAMATACHI tr?n D179,,7
1540,D180,YAMATACHI,Rubber V Belt YAMATACHI D180,CR.DT.180.YAMA,457.2,401039,YAMATACHI tr?n D180,,7
1541,D181,YAMATACHI,Rubber V Belt YAMATACHI D181,CR.DT.181.YAMA,459.7,401039,YAMATACHI tr?n D181,,7
1542,D182,YAMATACHI,Rubber V Belt YAMATACHI D182,CR.DT.182.YAMA,462.3,401039,YAMATACHI tr?n D182,,7
1543,D183,YAMATACHI,Rubber V Belt YAMATACHI D183,CR.DT.183.YAMA,464.8,401039,YAMATACHI tr?n D183,,7
1544,D184,YAMATACHI,Rubber V Belt YAMATACHI D184,CR.DT.184.YAMA,467.4,401039,YAMATACHI tr?n D184,,7
1545,D185,YAMATACHI,Rubber V Belt YAMATACHI D185,CR.DT.185.YAMA,469.9,401039,YAMATACHI tr?n D185,,7
1546,D186,YAMATACHI,Rubber V Belt YAMATACHI D186,CR.DT.186.YAMA,472.4,401039,YAMATACHI tr?n D186,,7
1547,D187,YAMATACHI,Rubber V Belt YAMATACHI D187,CR.DT.187.YAMA,475,401039,YAMATACHI tr?n D187,,7
1548,D188,YAMATACHI,Rubber V Belt YAMATACHI D188,CR.DT.188.YAMA,477.5,401039,YAMATACHI tr?n D188,,7
1549,D189,YAMATACHI,Rubber V Belt YAMATACHI D189,CR.DT.189.YAMA,480.1,401039,YAMATACHI tr?n D189,,7
1550,D190,YAMATACHI,Rubber V Belt YAMATACHI D190,CR.DT.190.YAMA,482.6,401039,YAMATACHI tr?n D190,,7
1551,D191,YAMATACHI,Rubber V Belt YAMATACHI D191,CR.DT.191.YAMA,485.1,401039,YAMATACHI tr?n D191,,7
1552,D192,YAMATACHI,Rubber V Belt YAMATACHI D192,CR.DT.192.YAMA,487.7,401039,YAMATACHI tr?n D192,,7
1553,D193,YAMATACHI,Rubber V Belt YAMATACHI D193,CR.DT.193.YAMA,490.2,401039,YAMATACHI tr?n D193,,7
1554,D194,YAMATACHI,Rubber V Belt YAMATACHI D194,CR.DT.194.YAMA,492.8,401039,YAMATACHI tr?n D194,,7
1555,D195,YAMATACHI,Rubber V Belt YAMATACHI D195,CR.DT.195.YAMA,495.3,401039,YAMATACHI tr?n D195,,7
1556,D196,YAMATACHI,Rubber V Belt YAMATACHI D196,CR.DT.196.YAMA,497.8,401039,YAMATACHI tr?n D196,,7
1557,D197,YAMATACHI,Rubber V Belt YAMATACHI D197,CR.DT.197.YAMA,500.4,401039,YAMATACHI tr?n D197,,7
1558,D198,YAMATACHI,Rubber V Belt YAMATACHI D198,CR.DT.198.YAMA,502.9,401039,YAMATACHI tr?n D198,,7
1559,D199,YAMATACHI,Rubber V Belt YAMATACHI D199,CR.DT.199.YAMA,505.5,401039,YAMATACHI tr?n D199,,7
1560,D200,YAMATACHI,Rubber V Belt YAMATACHI D200,CR.DT.200.YAMA,508,401039,YAMATACHI tr?n D200,,7
1561,D201,YAMATACHI,Rubber V Belt YAMATACHI D201,CR.DT.201.YAMA,510.5,401039,YAMATACHI tr?n D201,,7
1562,D202,YAMATACHI,Rubber V Belt YAMATACHI D202,CR.DT.202.YAMA,513.1,401039,YAMATACHI tr?n D202,,6
1563,D203,YAMATACHI,Rubber V Belt YAMATACHI D203,CR.DT.203.YAMA,515.6,401039,YAMATACHI tr?n D203,,6
1564,D204,YAMATACHI,Rubber V Belt YAMATACHI D204,CR.DT.204.YAMA,518.2,401039,YAMATACHI tr?n D204,,6
1565,D205,YAMATACHI,Rubber V Belt YAMATACHI D205,CR.DT.205.YAMA,520.7,401039,YAMATACHI tr?n D205,,6
1566,D206,YAMATACHI,Rubber V Belt YAMATACHI D206,CR.DT.206.YAMA,523.2,401039,YAMATACHI tr?n D206,,6
1567,D207,YAMATACHI,Rubber V Belt YAMATACHI D207,CR.DT.207.YAMA,525.8,401039,YAMATACHI tr?n D207,,6
1568,D208,YAMATACHI,Rubber V Belt YAMATACHI D208,CR.DT.208.YAMA,528.3,401039,YAMATACHI tr?n D208,,6
1569,D209,YAMATACHI,Rubber V Belt YAMATACHI D209,CR.DT.209.YAMA,530.9,401039,YAMATACHI tr?n D209,,6
1570,D210,YAMATACHI,Rubber V Belt YAMATACHI D210,CR.DT.210.YAMA,533.4,401039,YAMATACHI tr?n D210,,6
1571,D211,YAMATACHI,Rubber V Belt YAMATACHI D211,CR.DT.211.YAMA,535.9,401039,YAMATACHI tr?n D211,,6
1572,D212,YAMATACHI,Rubber V Belt YAMATACHI D212,CR.DT.212.YAMA,538.5,401039,YAMATACHI tr?n D212,,6
1573,D213,YAMATACHI,Rubber V Belt YAMATACHI D213,CR.DT.213.YAMA,541,401039,YAMATACHI tr?n D213,,6
1574,D214,YAMATACHI,Rubber V Belt YAMATACHI D214,CR.DT.214.YAMA,543.6,401039,YAMATACHI tr?n D214,,6
1575,D215,YAMATACHI,Rubber V Belt YAMATACHI D215,CR.DT.215.YAMA,546.1,401039,YAMATACHI tr?n D215,,6
1576,D216,YAMATACHI,Rubber V Belt YAMATACHI D216,CR.DT.216.YAMA,548.6,401039,YAMATACHI tr?n D216,,6
1577,D217,YAMATACHI,Rubber V Belt YAMATACHI D217,CR.DT.217.YAMA,551.2,401039,YAMATACHI tr?n D217,,6
1578,D218,YAMATACHI,Rubber V Belt YAMATACHI D218,CR.DT.218.YAMA,553.7,401039,YAMATACHI tr?n D218,,6
1579,D219,YAMATACHI,Rubber V Belt YAMATACHI D219,CR.DT.219.YAMA,556.3,401039,YAMATACHI tr?n D219,,6
1580,D220,YAMATACHI,Rubber V Belt YAMATACHI D220,CR.DT.220.YAMA,558.8,401039,YAMATACHI tr?n D220,,6
1581,D221,YAMATACHI,Rubber V Belt YAMATACHI D221,CR.DT.221.YAMA,561.3,401039,YAMATACHI tr?n D221,,6
1582,D222,YAMATACHI,Rubber V Belt YAMATACHI D222,CR.DT.222.YAMA,563.9,401039,YAMATACHI tr?n D222,,6
1583,D223,YAMATACHI,Rubber V Belt YAMATACHI D223,CR.DT.223.YAMA,566.4,401039,YAMATACHI tr?n D223,,6
1584,D224,YAMATACHI,Rubber V Belt YAMATACHI D224,CR.DT.224.YAMA,569,401039,YAMATACHI tr?n D224,,6
1585,D225,YAMATACHI,Rubber V Belt YAMATACHI D225,CR.DT.225.YAMA,571.5,401039,YAMATACHI tr?n D225,,5
1586,D226,YAMATACHI,Rubber V Belt YAMATACHI D226,CR.DT.226.YAMA,574,401039,YAMATACHI tr?n D226,,5
1587,D227,YAMATACHI,Rubber V Belt YAMATACHI D227,CR.DT.227.YAMA,576.6,401039,YAMATACHI tr?n D227,,5
1588,D228,YAMATACHI,Rubber V Belt YAMATACHI D228,CR.DT.228.YAMA,579.1,401039,YAMATACHI tr?n D228,,5
1589,D229,YAMATACHI,Rubber V Belt YAMATACHI D229,CR.DT.229.YAMA,581.7,401039,YAMATACHI tr?n D229,,5
1590,D230,YAMATACHI,Rubber V Belt YAMATACHI D230,CR.DT.230.YAMA,584.2,401039,YAMATACHI tr?n D230,,5
1591,D231,YAMATACHI,Rubber V Belt YAMATACHI D231,CR.DT.231.YAMA,586.7,401039,YAMATACHI tr?n D231,,5
1592,D232,YAMATACHI,Rubber V Belt YAMATACHI D232,CR.DT.232.YAMA,589.3,401039,YAMATACHI tr?n D232,,5
1593,D233,YAMATACHI,Rubber V Belt YAMATACHI D233,CR.DT.233.YAMA,591.8,401039,YAMATACHI tr?n D233,,5
1594,D234,YAMATACHI,Rubber V Belt YAMATACHI D234,CR.DT.234.YAMA,594.4,401039,YAMATACHI tr?n D234,,5
1595,D235,YAMATACHI,Rubber V Belt YAMATACHI D235,CR.DT.235.YAMA,596.9,401039,YAMATACHI tr?n D235,,5
1596,D236,YAMATACHI,Rubber V Belt YAMATACHI D236,CR.DT.236.YAMA,599.4,401039,YAMATACHI tr?n D236,,5
1597,D237,YAMATACHI,Rubber V Belt YAMATACHI D237,CR.DT.237.YAMA,602,401039,YAMATACHI tr?n D237,,5
1598,D238,YAMATACHI,Rubber V Belt YAMATACHI D238,CR.DT.238.YAMA,604.5,401039,YAMATACHI tr?n D238,,5
1599,D239,YAMATACHI,Rubber V Belt YAMATACHI D239,CR.DT.239.YAMA,607.1,401039,YAMATACHI tr?n D239,,5
1600,D240,YAMATACHI,Rubber V Belt YAMATACHI D240,CR.DT.240.YAMA,609.6,401039,YAMATACHI tr?n D240,,5
1601,D241,YAMATACHI,Rubber V Belt YAMATACHI D241,CR.DT.241.YAMA,612.1,401039,YAMATACHI tr?n D241,,5
1602,D242,YAMATACHI,Rubber V Belt YAMATACHI D242,CR.DT.242.YAMA,614.7,401039,YAMATACHI tr?n D242,,5
1603,D243,YAMATACHI,Rubber V Belt YAMATACHI D243,CR.DT.243.YAMA,617.2,401039,YAMATACHI tr?n D243,,5
1604,D244,YAMATACHI,Rubber V Belt YAMATACHI D244,CR.DT.244.YAMA,619.8,401039,YAMATACHI tr?n D244,,5
1605,D245,YAMATACHI,Rubber V Belt YAMATACHI D245,CR.DT.245.YAMA,622.3,401039,YAMATACHI tr?n D245,,5
1606,D246,YAMATACHI,Rubber V Belt YAMATACHI D246,CR.DT.246.YAMA,624.8,401039,YAMATACHI tr?n D246,,5
1607,D247,YAMATACHI,Rubber V Belt YAMATACHI D247,CR.DT.247.YAMA,627.4,401039,YAMATACHI tr?n D247,,5
1608,D248,YAMATACHI,Rubber V Belt YAMATACHI D248,CR.DT.248.YAMA,629.9,401039,YAMATACHI tr?n D248,,5
1609,D249,YAMATACHI,Rubber V Belt YAMATACHI D249,CR.DT.249.YAMA,632.5,401039,YAMATACHI tr?n D249,,5
1610,D250,YAMATACHI,Rubber V Belt YAMATACHI D250,CR.DT.250.YAMA,635,401039,YAMATACHI tr?n D250,,5
1611,D251,YAMATACHI,Rubber V Belt YAMATACHI D251,CR.DT.251.YAMA,637.5,401039,YAMATACHI tr?n D251,,5
1612,D252,YAMATACHI,Rubber V Belt YAMATACHI D252,CR.DT.252.YAMA,640.1,401039,YAMATACHI tr?n D252,,5
1613,D253,YAMATACHI,Rubber V Belt YAMATACHI D253,CR.DT.253.YAMA,642.6,401039,YAMATACHI tr?n D253,,5
1614,D254,YAMATACHI,Rubber V Belt YAMATACHI D254,CR.DT.254.YAMA,645.2,401039,YAMATACHI tr?n D254,,5
1615,D255,YAMATACHI,Rubber V Belt YAMATACHI D255,CR.DT.255.YAMA,647.7,401039,YAMATACHI tr?n D255,,5
1616,D256,YAMATACHI,Rubber V Belt YAMATACHI D256,CR.DT.256.YAMA,650.2,401039,YAMATACHI tr?n D256,,5
1617,D257,YAMATACHI,Rubber V Belt YAMATACHI D257,CR.DT.257.YAMA,652.8,401039,YAMATACHI tr?n D257,,5
1618,D258,YAMATACHI,Rubber V Belt YAMATACHI D258,CR.DT.258.YAMA,655.3,401039,YAMATACHI tr?n D258,,5
1619,D259,YAMATACHI,Rubber V Belt YAMATACHI D259,CR.DT.259.YAMA,657.9,401039,YAMATACHI tr?n D259,,5
1620,D260,YAMATACHI,Rubber V Belt YAMATACHI D260,CR.DT.260.YAMA,660.4,401039,YAMATACHI tr?n D260,,5
1621,D261,YAMATACHI,Rubber V Belt YAMATACHI D261,CR.DT.261.YAMA,662.9,401039,YAMATACHI tr?n D261,,5
1622,D262,YAMATACHI,Rubber V Belt YAMATACHI D262,CR.DT.262.YAMA,665.5,401039,YAMATACHI tr?n D262,,5
1623,D263,YAMATACHI,Rubber V Belt YAMATACHI D263,CR.DT.263.YAMA,668,401039,YAMATACHI tr?n D263,,5
1624,D264,YAMATACHI,Rubber V Belt YAMATACHI D264,CR.DT.264.YAMA,670.6,401039,YAMATACHI tr?n D264,,5
1625,D265,YAMATACHI,Rubber V Belt YAMATACHI D265,CR.DT.265.YAMA,673.1,401039,YAMATACHI tr?n D265,,5
1626,D266,YAMATACHI,Rubber V Belt YAMATACHI D266,CR.DT.266.YAMA,675.6,401039,YAMATACHI tr?n D266,,5
1627,D267,YAMATACHI,Rubber V Belt YAMATACHI D267,CR.DT.267.YAMA,678.2,401039,YAMATACHI tr?n D267,,5
1628,D268,YAMATACHI,Rubber V Belt YAMATACHI D268,CR.DT.268.YAMA,680.7,401039,YAMATACHI tr?n D268,,5
1629,D269,YAMATACHI,Rubber V Belt YAMATACHI D269,CR.DT.269.YAMA,683.3,401039,YAMATACHI tr?n D269,,5
1630,D270,YAMATACHI,Rubber V Belt YAMATACHI D270,CR.DT.270.YAMA,685.8,401039,YAMATACHI tr?n D270,,5
1631,D272,YAMATACHI,Rubber V Belt YAMATACHI D272,CR.DT.272.YAMA,690.9,401039,YAMATACHI tr?n D272,,5
1632,D273,YAMATACHI,Rubber V Belt YAMATACHI D273,CR.DT.273.YAMA,693.4,401039,YAMATACHI tr?n D273,,5
1633,D275,YAMATACHI,Rubber V Belt YAMATACHI D275,CR.DT.275.YAMA,698.5,401039,YAMATACHI tr?n D275,,5
1634,D277,YAMATACHI,Rubber V Belt YAMATACHI D277,CR.DT.277.YAMA,703.6,401039,YAMATACHI tr?n D277,,5
1635,D278,YAMATACHI,Rubber V Belt YAMATACHI D278,CR.DT.278.YAMA,706.1,401039,YAMATACHI tr?n D278,,5
1636,D280,YAMATACHI,Rubber V Belt YAMATACHI D280,CR.DT.280.YAMA,711.2,401039,YAMATACHI tr?n D280,,5
1637,D285,YAMATACHI,Rubber V Belt YAMATACHI D285,CR.DT.285.YAMA,723.9,401039,YAMATACHI tr?n D285,,5
1638,D290,YAMATACHI,Rubber V Belt YAMATACHI D290,CR.DT.290.YAMA,736.6,401039,YAMATACHI tr?n D290,,4
1639,D295,YAMATACHI,Rubber V Belt YAMATACHI D295,CR.DT.295.YAMA,749.3,401039,YAMATACHI tr?n D295,,4
1640,D300,YAMATACHI,Rubber V Belt YAMATACHI D300,CR.DT.300.YAMA,762,401039,YAMATACHI tr?n D300,,4
1641,D305,YAMATACHI,Rubber V Belt YAMATACHI D305,CR.DT.305.YAMA,774.7,401039,YAMATACHI tr?n D305,,4
1642,D310,YAMATACHI,Rubber V Belt YAMATACHI D310,CR.DT.310.YAMA,787.4,401039,YAMATACHI tr?n D310,,4
1643,D315,YAMATACHI,Rubber V Belt YAMATACHI D315,CR.DT.315.YAMA,800.1,401039,YAMATACHI tr?n D315,,4
1644,D73,YAMATACHI,Rubber V Belt YAMATACHI D73,CR.DT.073.YAMA,185.4,401034,YAMATACHI tr?n D73,,14
1645,D74,YAMATACHI,Rubber V Belt YAMATACHI D74,CR.DT.074.YAMA,188,401034,YAMATACHI tr?n D74,,14
1646,D75,YAMATACHI,Rubber V Belt YAMATACHI D75,CR.DT.075.YAMA,190.5,401034,YAMATACHI tr?n D75,,14
1647,D76,YAMATACHI,Rubber V Belt YAMATACHI D76,CR.DT.076.YAMA,193,401034,YAMATACHI tr?n D76,,14
1648,D77,YAMATACHI,Rubber V Belt YAMATACHI D77,CR.DT.077.YAMA,195.6,401034,YAMATACHI tr?n D77,,14
1649,D78,YAMATACHI,Rubber V Belt YAMATACHI D78,CR.DT.078.YAMA,198.1,401034,YAMATACHI tr?n D78,,14
1650,D79,YAMATACHI,Rubber V Belt YAMATACHI D79,CR.DT.079.YAMA,200.7,401034,YAMATACHI tr?n D79,,#N/A
1651,D90,YAMATACHI,Rubber V Belt YAMATACHI D90,CR.DT.090.YAMA,228.6,401034,YAMATACHI tr?n D90,,14
1652,D91,YAMATACHI,Rubber V Belt YAMATACHI D91,CR.DT.091.YAMA,231.1,401034,YAMATACHI tr?n D91,,14
1653,D92,YAMATACHI,Rubber V Belt YAMATACHI D92,CR.DT.092.YAMA,233.7,401034,YAMATACHI tr?n D92,,14
1654,D93,YAMATACHI,Rubber V Belt YAMATACHI D93,CR.DT.093.YAMA,236.2,401034,YAMATACHI tr?n D93,,14
1655,D94,YAMATACHI,Rubber V Belt YAMATACHI D94,CR.DT.094.YAMA,238.8,401034,YAMATACHI tr?n D94,,14
1656,D95,YAMATACHI,Rubber V Belt YAMATACHI D95,CR.DT.095.YAMA,241.3,401039,YAMATACHI tr?n D95,,14
1657,D96,YAMATACHI,Rubber V Belt YAMATACHI D96,CR.DT.096.YAMA,243.8,401039,YAMATACHI tr?n D96,,14
1658,D97,YAMATACHI,Rubber V Belt YAMATACHI D97,CR.DT.097.YAMA,246.4,401039,YAMATACHI tr?n D97,,14
1659,D98,YAMATACHI,Rubber V Belt YAMATACHI D98,CR.DT.098.YAMA,248.9,401039,YAMATACHI tr?n D98,,14
1660,D99,YAMATACHI,Rubber V Belt YAMATACHI D99,CR.DT.099.YAMA,251.5,401039,YAMATACHI tr?n D99,,14
1661,E175,YAMATACHI,Rubber V Belt YAMATACHI E175,CR.ET.175.YAMA,444.5,401039,YAMATACHI tr?n E175,,5
1662,E185,YAMATACHI,Rubber V Belt YAMATACHI E185,CR.ET.185.YAMA,469.9,401039,YAMATACHI tr?n E185,,4
1663,E190,YAMATACHI,Rubber V Belt YAMATACHI E190,CR.ET.190.YAMA,482.6,401039,YAMATACHI tr?n E190,,4
1664,E195,YAMATACHI,Rubber V Belt YAMATACHI E195,CR.ET.195.YAMA,495.3,401039,YAMATACHI tr?n E195,,4
1665,E200,YAMATACHI,Rubber V Belt YAMATACHI E200,CR.ET.200.YAMA,508,401039,YAMATACHI tr?n E200,,4
1666,E220,YAMATACHI,Rubber V Belt YAMATACHI E220,CR.ET.220.YAMA,558.8,401039,YAMATACHI tr?n E220,,4
1667,E240,YAMATACHI,Rubber V Belt YAMATACHI E240,CR.ET.240.YAMA,609.6,401039,YAMATACHI tr?n E240,,5
1668,E250,YAMATACHI,Rubber V Belt YAMATACHI E250,CR.ET.250.YAMA,635,401039,YAMATACHI tr?n E250,,4
1669,E270,YAMATACHI,Rubber V Belt YAMATACHI E270,CR.ET.270.YAMA,685.8,401039,YAMATACHI tr?n E270,,3
1670,E300,YAMATACHI,Rubber V Belt YAMATACHI E300,CR.ET.300.YAMA,762,401039,YAMATACHI tr?n E300,,3
1671,E370,YAMATACHI,Rubber V Belt YAMATACHI E370,CR.ET.370.YAMA,939.8,401039,YAMATACHI tr?n E370,,2
1672,FM16,YAMATACHI,Rubber V Belt YAMATACHI FM16,CR.FMT.016.YAMA,40.6,401039,YAMATACHI tr?n FM16,,600
1673,FM17,YAMATACHI,Rubber V Belt YAMATACHI FM17,CR.FMT.017.YAMA,43.2,401039,YAMATACHI tr?n FM17,,600
1674,FM18,YAMATACHI,Rubber V Belt YAMATACHI FM18,CR.FMT.018.YAMA,45.7,401039,YAMATACHI tr?n FM18,,600
1675,FM19,YAMATACHI,Rubber V Belt YAMATACHI FM19,CR.FMT.019.YAMA,48.3,401039,YAMATACHI tr?n FM19,,600
1676,FM20,YAMATACHI,Rubber V Belt YAMATACHI FM20,CR.FMT.020.YAMA,50.8,401039,YAMATACHI tr?n FM20,,600
1677,FM21,YAMATACHI,Rubber V Belt YAMATACHI FM21,CR.FMT.021.YAMA,53.3,401039,YAMATACHI tr?n FM21,,500
1678,FM22,YAMATACHI,Rubber V Belt YAMATACHI FM22,CR.FMT.022.YAMA,55.9,401039,YAMATACHI tr?n FM22,,500
1679,FM23,YAMATACHI,Rubber V Belt YAMATACHI FM23,CR.FMT.023.YAMA,58.4,401039,YAMATACHI tr?n FM23,,500
1680,FM24,YAMATACHI,Rubber V Belt YAMATACHI FM24,CR.FMT.024.YAMA,61,401032,YAMATACHI tr?n FM24,,500
1681,FM25,YAMATACHI,Rubber V Belt YAMATACHI FM25,CR.FMT.025.YAMA,63.5,401032,YAMATACHI tr?n FM25,,450
1682,FM26,YAMATACHI,Rubber V Belt YAMATACHI FM26,CR.FMT.026.YAMA,66,401032,YAMATACHI tr?n FM26,,450
1683,FM27,YAMATACHI,Rubber V Belt YAMATACHI FM27,CR.FMT.027.YAMA,68.6,401032,YAMATACHI tr?n FM27,,450
1684,FM28,YAMATACHI,Rubber V Belt YAMATACHI FM28,CR.FMT.028.YAMA,71.1,401032,YAMATACHI tr?n FM28,,450
1685,FM29,YAMATACHI,Rubber V Belt YAMATACHI FM29,CR.FMT.029.YAMA,73.7,401032,YAMATACHI tr?n FM29,,400
1686,FM30,YAMATACHI,Rubber V Belt YAMATACHI FM30,CR.FMT.030.YAMA,76.2,401032,YAMATACHI tr?n FM30,,400
1687,FM31,YAMATACHI,Rubber V Belt YAMATACHI FM31,CR.FMT.031.YAMA,78.7,401032,YAMATACHI tr?n FM31,,400
1688,FM32,YAMATACHI,Rubber V Belt YAMATACHI FM32,CR.FMT.032.YAMA,81.3,401032,YAMATACHI tr?n FM32,,400
1689,FM33,YAMATACHI,Rubber V Belt YAMATACHI FM33,CR.FMT.033.YAMA,83.8,401032,YAMATACHI tr?n FM33,,350
1690,FM34,YAMATACHI,Rubber V Belt YAMATACHI FM34,CR.FMT.034.YAMA,86.4,401032,YAMATACHI tr?n FM34,,350
1691,FM35,YAMATACHI,Rubber V Belt YAMATACHI FM35,CR.FMT.035.YAMA,88.9,401032,YAMATACHI tr?n FM35,,350
1692,FM36,YAMATACHI,Rubber V Belt YAMATACHI FM36,CR.FMT.036.YAMA,91.4,401032,YAMATACHI tr?n FM36,,350
1693,FM37,YAMATACHI,Rubber V Belt YAMATACHI FM37,CR.FMT.037.YAMA,94,401032,YAMATACHI tr?n FM37,,300
1694,FM38,YAMATACHI,Rubber V Belt YAMATACHI FM38,CR.FMT.038.YAMA,96.5,401032,YAMATACHI tr?n FM38,,300
1695,FM39,YAMATACHI,Rubber V Belt YAMATACHI FM39,CR.FMT.039.YAMA,99.1,401032,YAMATACHI tr?n FM39,,300
1696,FM40,YAMATACHI,Rubber V Belt YAMATACHI FM40,CR.FMT.040.YAMA,101.6,401032,YAMATACHI tr?n FM40,,300
1697,FM41,YAMATACHI,Rubber V Belt YAMATACHI FM41,CR.FMT.041.YAMA,104.1,401032,YAMATACHI tr?n FM41,,300
1698,FM42,YAMATACHI,Rubber V Belt YAMATACHI FM42,CR.FMT.042.YAMA,106.7,401032,YAMATACHI tr?n FM42,,250
1699,FM43,YAMATACHI,Rubber V Belt YAMATACHI FM43,CR.FMT.043.YAMA,109.2,401032,YAMATACHI tr?n FM43,,250
1700,FM44,YAMATACHI,Rubber V Belt YAMATACHI FM44,CR.FMT.044.YAMA,111.8,401032,YAMATACHI tr?n FM44,,250
1701,FM45,YAMATACHI,Rubber V Belt YAMATACHI FM45,CR.FMT.045.YAMA,114.3,401032,YAMATACHI tr?n FM45,,250
1702,FM46,YAMATACHI,Rubber V Belt YAMATACHI FM46,CR.FMT.046.YAMA,116.8,401032,YAMATACHI tr?n FM46,,250
1703,FM47,YAMATACHI,Rubber V Belt YAMATACHI FM47,CR.FMT.047.YAMA,119.4,401032,YAMATACHI tr?n FM47,,250
1704,FM48,YAMATACHI,Rubber V Belt YAMATACHI FM48,CR.FMT.048.YAMA,121.9,401032,YAMATACHI tr?n FM48,,250
1705,FM49,YAMATACHI,Rubber V Belt YAMATACHI FM49,CR.FMT.049.YAMA,124.5,401032,YAMATACHI tr?n FM49,,250
1706,FM50,YAMATACHI,Rubber V Belt YAMATACHI FM50,CR.FMT.050.YAMA,127,401032,YAMATACHI tr?n FM50,,230
1707,FM51,YAMATACHI,Rubber V Belt YAMATACHI FM51,CR.FMT.051.YAMA,129.5,401032,YAMATACHI tr?n FM51,,230
1708,FM52,YAMATACHI,Rubber V Belt YAMATACHI FM52,CR.FMT.052.YAMA,132.1,401032,YAMATACHI tr?n FM52,,230
1709,FM53,YAMATACHI,Rubber V Belt YAMATACHI FM53,CR.FMT.053.YAMA,134.6,401032,YAMATACHI tr?n FM53,,220
1710,FM54,YAMATACHI,Rubber V Belt YAMATACHI FM54,CR.FMT.054.YAMA,137.2,401032,YAMATACHI tr?n FM54,,220
1711,FM55,YAMATACHI,Rubber V Belt YAMATACHI FM55,CR.FMT.055.YAMA,139.7,401032,YAMATACHI tr?n FM55,,220
1712,FM56,YAMATACHI,Rubber V Belt YAMATACHI FM56,CR.FMT.056.YAMA,142.2,401032,YAMATACHI tr?n FM56,,220
1713,FM57,YAMATACHI,Rubber V Belt YAMATACHI FM57,CR.FMT.057.YAMA,144.8,401032,YAMATACHI tr?n FM57,,210
1714,FM58,YAMATACHI,Rubber V Belt YAMATACHI FM58,CR.FMT.058.YAMA,147.3,401032,YAMATACHI tr?n FM58,,200
1715,FM59,YAMATACHI,Rubber V Belt YAMATACHI FM59,CR.FMT.059.YAMA,149.9,401032,YAMATACHI tr?n FM59,,200
1716,M15,YAMATACHI,Rubber V Belt YAMATACHI M15,CR.MT.015.YAMA,38.1,401039,YAMATACHI tr?n M15,,600
1717,M16,YAMATACHI,Rubber V Belt YAMATACHI M16,CR.MT.016.YAMA,40.6,401039,YAMATACHI tr?n M16,,600
1718,M17,YAMATACHI,Rubber V Belt YAMATACHI M17,CR.MT.017.YAMA,43.2,401039,YAMATACHI tr?n M17,,600
1719,M18,YAMATACHI,Rubber V Belt YAMATACHI M18,CR.MT.018.YAMA,45.7,401039,YAMATACHI tr?n M18,,600
1720,M18.5,YAMATACHI,Rubber V Belt YAMATACHI M18.5,CR.MT.018.5.YAMA,45.7,401039,YAMATACHI tr?n M18.5,,600
1721,M19,YAMATACHI,Rubber V Belt YAMATACHI M19,CR.MT.019.YAMA,48.3,401039,YAMATACHI tr?n M19,,600
1722,M20,YAMATACHI,Rubber V Belt YAMATACHI M20,CR.MT.020.YAMA,50.8,401039,YAMATACHI tr?n M20,,600
1723,M21,YAMATACHI,Rubber V Belt YAMATACHI M21,CR.MT.021.YAMA,53.3,401039,YAMATACHI tr?n M21,,600
1724,M22,YAMATACHI,Rubber V Belt YAMATACHI M22,CR.MT.022.YAMA,55.9,401039,YAMATACHI tr?n M22,,600
1725,M23,YAMATACHI,Rubber V Belt YAMATACHI M23,CR.MT.023.YAMA,58.4,401039,YAMATACHI tr?n M23,,500
1726,M24,YAMATACHI,Rubber V Belt YAMATACHI M24,CR.MT.024.YAMA,61,401032,YAMATACHI tr?n M24,,500
1727,M25,YAMATACHI,Rubber V Belt YAMATACHI M25,CR.MT.025.YAMA,63.5,401032,YAMATACHI tr?n M25,,500
1728,M26,YAMATACHI,Rubber V Belt YAMATACHI M26,CR.MT.026.YAMA,66,401032,YAMATACHI tr?n M26,,500
1729,M27,YAMATACHI,Rubber V Belt YAMATACHI M27,CR.MT.027.YAMA,68.6,401032,YAMATACHI tr?n M27,,500
1730,M28,YAMATACHI,Rubber V Belt YAMATACHI M28,CR.MT.028.YAMA,71.1,401032,YAMATACHI tr?n M28,,450
1731,M29,YAMATACHI,Rubber V Belt YAMATACHI M29,CR.MT.029.YAMA,73.7,401032,YAMATACHI tr?n M29,,450
1732,M30,YAMATACHI,Rubber V Belt YAMATACHI M30,CR.MT.030.YAMA,76.2,401032,YAMATACHI tr?n M30,,400
1733,M31,YAMATACHI,Rubber V Belt YAMATACHI M31,CR.MT.031.YAMA,78.7,401032,YAMATACHI tr?n M31,,400
1734,M32,YAMATACHI,Rubber V Belt YAMATACHI M32,CR.MT.032.YAMA,81.3,401032,YAMATACHI tr?n M32,,400
1735,M33,YAMATACHI,Rubber V Belt YAMATACHI M33,CR.MT.033.YAMA,83.8,401032,YAMATACHI tr?n M33,,350
1736,M34,YAMATACHI,Rubber V Belt YAMATACHI M34,CR.MT.034.YAMA,86.4,401032,YAMATACHI tr?n M34,,350
1737,M35,YAMATACHI,Rubber V Belt YAMATACHI M35,CR.MT.035.YAMA,88.9,401032,YAMATACHI tr?n M35,,350
1738,M36,YAMATACHI,Rubber V Belt YAMATACHI M36,CR.MT.036.YAMA,91.4,401032,YAMATACHI tr?n M36,,350
1739,M37,YAMATACHI,Rubber V Belt YAMATACHI M37,CR.MT.037.YAMA,94,401032,YAMATACHI tr?n M37,,350
1740,M38,YAMATACHI,Rubber V Belt YAMATACHI M38,CR.MT.038.YAMA,96.5,401032,YAMATACHI tr?n M38,,350
1741,M39,YAMATACHI,Rubber V Belt YAMATACHI M39,CR.MT.039.YAMA,99.1,401032,YAMATACHI tr?n M39,,300
1742,M40,YAMATACHI,Rubber V Belt YAMATACHI M40,CR.MT.040.YAMA,101.6,401032,YAMATACHI tr?n M40,,300
1743,M41,YAMATACHI,Rubber V Belt YAMATACHI M41,CR.MT.041.YAMA,104.1,401032,YAMATACHI tr?n M41,,300
1744,M42,YAMATACHI,Rubber V Belt YAMATACHI M42,CR.MT.042.YAMA,106.7,401032,YAMATACHI tr?n M42,,300
1745,M43,YAMATACHI,Rubber V Belt YAMATACHI M43,CR.MT.043.YAMA,109.2,401032,YAMATACHI tr?n M43,,300
1746,M44,YAMATACHI,Rubber V Belt YAMATACHI M44,CR.MT.044.YAMA,111.8,401032,YAMATACHI tr?n M44,,300
1747,M45,YAMATACHI,Rubber V Belt YAMATACHI M45,CR.MT.045.YAMA,114.3,401032,YAMATACHI tr?n M45,,280
1748,M46,YAMATACHI,Rubber V Belt YAMATACHI M46,CR.MT.046.YAMA,116.8,401032,YAMATACHI tr?n M46,,280
1749,M47,YAMATACHI,Rubber V Belt YAMATACHI M47,CR.MT.047.YAMA,119.4,401032,YAMATACHI tr?n M47,,250
1750,M48,YAMATACHI,Rubber V Belt YAMATACHI M48,CR.MT.048.YAMA,121.9,401032,YAMATACHI tr?n M48,,250
1751,M49,YAMATACHI,Rubber V Belt YAMATACHI M49,CR.MT.049.YAMA,124.5,401032,YAMATACHI tr?n M49,,250
1752,M50,YAMATACHI,Rubber V Belt YAMATACHI M50,CR.MT.050.YAMA,127,401032,YAMATACHI tr?n M50,,250
1753,M51,YAMATACHI,Rubber V Belt YAMATACHI M51,CR.MT.051.YAMA,129.5,401032,YAMATACHI tr?n M51,,240
1754,M52,YAMATACHI,Rubber V Belt YAMATACHI M52,CR.MT.052.YAMA,132.1,401032,YAMATACHI tr?n M52,,240
1755,M53,YAMATACHI,Rubber V Belt YAMATACHI M53,CR.MT.053.YAMA,134.6,401032,YAMATACHI tr?n M53,,230
1756,M54,YAMATACHI,Rubber V Belt YAMATACHI M54,CR.MT.054.YAMA,137.2,401032,YAMATACHI tr?n M54,,230
1757,M55,YAMATACHI,Rubber V Belt YAMATACHI M55,CR.MT.055.YAMA,139.7,401032,YAMATACHI tr?n M55,,220
1758,M56,YAMATACHI,Rubber V Belt YAMATACHI M56,CR.MT.056.YAMA,142.2,401032,YAMATACHI tr?n M56,,220
1759,M57,YAMATACHI,Rubber V Belt YAMATACHI M57,CR.MT.057.YAMA,144.8,401032,YAMATACHI tr?n M57,,220
1760,M58,YAMATACHI,Rubber V Belt YAMATACHI M58,CR.MT.058.YAMA,147.3,401032,YAMATACHI tr?n M58,,210
1761,M59,YAMATACHI,Rubber V Belt YAMATACHI M59,CR.MT.059.YAMA,149.9,401032,YAMATACHI tr?n M59,,210
1762,M60,YAMATACHI,Rubber V Belt YAMATACHI M60,CR.MT.060.YAMA,152.4,401032,YAMATACHI tr?n M60,,210
1763,SPB1400,YAMATACHI,Rubber V Belt YAMATACHI SPB1400,CR.SPBT.1400.YAMA,140,401032,YAMATACHI tr?n SPB1400,,75
1764,SPB2240,YAMATACHI,Rubber V Belt YAMATACHI SPB2240,CR.SPBT.2240.YAMA,224,401034,YAMATACHI tr?n SPB2240,,50
1765,SPB2300,YAMATACHI,Rubber V Belt YAMATACHI SPB2300,CR.SPBT.2300.YAMA,230,401034,YAMATACHI tr?n SPB2300,,50
1766,SPB2410,YAMATACHI,Rubber V Belt YAMATACHI SPB2410,CR.SPBT.2410.YAMA,241,401039,YAMATACHI tr?n SPB2410,,45
1767,SPB2500,YAMATACHI,Rubber V Belt YAMATACHI SPB2500,CR.SPBT.2500.YAMA,250,401039,YAMATACHI tr?n SPB2500,,40
1768,SPB2600,YAMATACHI,Rubber V Belt YAMATACHI SPB2600,CR.SPBT.2600.YAMA,260,401039,YAMATACHI tr?n SPB2600,,40
1769,SPB2640,YAMATACHI,Rubber V Belt YAMATACHI SPB2640,CR.SPBT.2640.YAMA,264,401039,YAMATACHI tr?n SPB2640,,40
1770,SPB2650,YAMATACHI,Rubber V Belt YAMATACHI SPB2650,CR.SPBT.2650.YAMA,265,401039,YAMATACHI tr?n SPB2650,,40
1771,SPB2680,YAMATACHI,Rubber V Belt YAMATACHI SPB2680,CR.SPBT.2680.YAMA,268,401039,YAMATACHI tr?n SPB2680,,40
1772,SPB2800,YAMATACHI,Rubber V Belt YAMATACHI SPB2800,CR.SPBT.2800.YAMA,280,401039,YAMATACHI tr?n SPB2800,,40
1773,SPB2850,YAMATACHI,Rubber V Belt YAMATACHI SPB2850,CR.SPBT.2850.YAMA,285,401039,YAMATACHI tr?n SPB2850,,40
1774,SPB3000,YAMATACHI,Rubber V Belt YAMATACHI SPB3000,CR.SPBT.3000.YAMA,300,401039,YAMATACHI tr?n SPB3000,,40
1775,SPB3050,YAMATACHI,Rubber V Belt YAMATACHI SPB3050,CR.SPBT.3050.YAMA,305,401039,YAMATACHI tr?n SPB3050,,40
1776,SPB3250,YAMATACHI,Rubber V Belt YAMATACHI SPB3250,CR.SPBT.3250.YAMA,325,401039,YAMATACHI tr?n SPB3250,,35
1777,SPB3340,YAMATACHI,Rubber V Belt YAMATACHI SPB3340,CR.SPBT.3340.YAMA,334,401039,YAMATACHI tr?n SPB3340,,35
1778,SPB3350,YAMATACHI,Rubber V Belt YAMATACHI SPB3350,CR.SPBT.3350.YAMA,335,401039,YAMATACHI tr?n SPB3350,,35
1779,SPB3450,YAMATACHI,Rubber V Belt YAMATACHI SPB3450,CR.SPBT.3450.YAMA,345,401039,YAMATACHI tr?n SPB3450,,35
1780,SPB3550,YAMATACHI,Rubber V Belt YAMATACHI SPB3550,CR.SPBT.3550.YAMA,355,401039,YAMATACHI tr?n SPB3550,,30
1781,SPB3750,YAMATACHI,Rubber V Belt YAMATACHI SPB3750,CR.SPBT.3750.YAMA,375,401039,YAMATACHI tr?n SPB3750,,30
1782,SPB3800,YAMATACHI,Rubber V Belt YAMATACHI SPB3800,CR.SPBT.3800.YAMA,380,401039,YAMATACHI tr?n SPB3800,,30
1783,SPB4000,YAMATACHI,Rubber V Belt YAMATACHI SPB4000,CR.SPBT.4000.YAMA,400,401039,YAMATACHI tr?n SPB4000,,30
1784,SPB4250,YAMATACHI,Rubber V Belt YAMATACHI SPB4250,CR.SPBT.4250.YAMA,425,401039,YAMATACHI tr?n SPB4250,,25
1785,SPB5300,YAMATACHI,Rubber V Belt YAMATACHI SPB5300,CR.SPBT.5300.YAMA,530,401039,YAMATACHI tr?n SPB5300,,20
1786,SPB5600,YAMATACHI,Rubber V Belt YAMATACHI SPB5600,CR.SPBT.5600.YAMA,560,401039,YAMATACHI tr?n SPB5600,,10
1787,SPC2000,YAMATACHI,Rubber V Belt YAMATACHI SPC2000,CR.SPCT.2000.YAMA,200,401034,YAMATACHI tr?n SPC2000,,36
1788,SPC2200,YAMATACHI,Rubber V Belt YAMATACHI SPC2200,CR.SPCT.2200.YAMA,220,401034,YAMATACHI tr?n SPC2200,,30
1789,SPC2360,YAMATACHI,Rubber V Belt YAMATACHI SPC2360,CR.SPCT.2360.YAMA,236,401034,YAMATACHI tr?n SPC2360,,30
1790,SPC2500,YAMATACHI,Rubber V Belt YAMATACHI SPC2500,CR.SPCT.2500.YAMA,250,401039,YAMATACHI tr?n SPC2500,,25
1791,SPC2550,YAMATACHI,Rubber V Belt YAMATACHI SPC2550,CR.SPCT.2550.YAMA,255,401039,YAMATACHI tr?n SPC2550,,25
1792,SPC2650,YAMATACHI,Rubber V Belt YAMATACHI SPC2650,CR.SPCT.2650.YAMA,265,401039,YAMATACHI tr?n SPC2650,,25
1793,SPC2700,YAMATACHI,Rubber V Belt YAMATACHI SPC2700,CR.SPCT.2700.YAMA,270,401039,YAMATACHI tr?n SPC2700,,25
1794,SPC2750,YAMATACHI,Rubber V Belt YAMATACHI SPC2750,CR.SPCT.2750.YAMA,275,401039,YAMATACHI tr?n SPC2750,,25
1795,SPC2800,YAMATACHI,Rubber V Belt YAMATACHI SPC2800,CR.SPCT.2800.YAMA,280,401039,YAMATACHI tr?n SPC2800,,25
1796,SPC2850,YAMATACHI,Rubber V Belt YAMATACHI SPC2850,CR.SPCT.2850.YAMA,285,401039,YAMATACHI tr?n SPC2850,,20
1797,SPC2950,YAMATACHI,Rubber V Belt YAMATACHI SPC2950,CR.SPCT.2950.YAMA,295,401039,YAMATACHI tr?n SPC2950,,20
1798,SPC3050,YAMATACHI,Rubber V Belt YAMATACHI SPC3050,CR.SPCT.3050.YAMA,305,401039,YAMATACHI tr?n SPC3050,,20
1799,SPC3100,YAMATACHI,Rubber V Belt YAMATACHI SPC3100,CR.SPCT.3100.YAMA,310,401039,YAMATACHI tr?n SPC3100,,20
1800,SPC3150,YAMATACHI,Rubber V Belt YAMATACHI SPC3150,CR.SPCT.3150.YAMA,315,401039,YAMATACHI tr?n SPC3150,,20
1801,SPC3350,YAMATACHI,Rubber V Belt YAMATACHI SPC3350,CR.SPCT.3350.YAMA,335,401039,YAMATACHI tr?n SPC3350,,20
1802,SPC3520,YAMATACHI,Rubber V Belt YAMATACHI SPC3520,CR.SPCT.3520.YAMA,352,401039,YAMATACHI tr?n SPC3520,,20
1803,SPC3650,YAMATACHI,Rubber V Belt YAMATACHI SPC3650,CR.SPCT.3650.YAMA,365,401039,YAMATACHI tr?n SPC3650,,20
1804,SPC3750,YAMATACHI,Rubber V Belt YAMATACHI SPC3750,CR.SPCT.3750.YAMA,375,401039,YAMATACHI tr?n SPC3750,,15
1805,SPC4000,YAMATACHI,Rubber V Belt YAMATACHI SPC4000,CR.SPCT.4000.YAMA,400,401039,YAMATACHI tr?n SPC4000,,15
1806,SPC4050,YAMATACHI,Rubber V Belt YAMATACHI SPC4050,CR.SPCT.4050.YAMA,405,401039,YAMATACHI tr?n SPC4050,,15
1807,SPC4250,YAMATACHI,Rubber V Belt YAMATACHI SPC4250,CR.SPCT.4250.YAMA,425,401039,YAMATACHI tr?n SPC4250,,15
1808,SPC4500,YAMATACHI,Rubber V Belt YAMATACHI SPC4500,CR.SPCT.4500.YAMA,450,401039,YAMATACHI tr?n SPC4500,,15
1809,SPC4750,YAMATACHI,Rubber V Belt YAMATACHI SPC4750,CR.SPCT.4750.YAMA,475,401039,YAMATACHI tr?n SPC4750,,12
1810,SPC5000,YAMATACHI,Rubber V Belt YAMATACHI SPC5000,CR.SPCT.5000.YAMA,500,401039,YAMATACHI tr?n SPC5000,,10
1811,SPC5300,YAMATACHI,Rubber V Belt YAMATACHI SPC5300,CR.SPCT.5300.YAMA,530,401039,YAMATACHI tr?n SPC5300,,10
1812,SPC5600,YAMATACHI,Rubber V Belt YAMATACHI SPC5600,CR.SPCT.5600.YAMA,560,401039,YAMATACHI tr?n SPC5600,,10
1813,SPC6700,YAMATACHI,Rubber V Belt YAMATACHI SPC6700,CR.SPCT.6700.YAMA,670,401039,YAMATACHI tr?n SPC6700,,10
1814,SPC6750,YAMATACHI,Rubber V Belt YAMATACHI SPC6750,CR.SPCT.6750.YAMA,675,401039,YAMATACHI tr?n SPC6750,,10
1815,XPB3550,YAMATACHI,Rubber Belt (V-Ribbed) YAMATACHI XPB3550,CR.XPBR.3550.YAMA,355,401039,YAMATACHI r?ng XPB 3550,,20
1816,RECMF-6240,BT-MITSU PREMIUM,Rubber Belt (V-Ribbed) BT-MITSU PREMIUM RECMF-6240,CR.AR.024.BT-MITSU,61,401032,BT-MITSU r?ng A24,,204
1817,RECMF-6250,BT-MITSU PREMIUM,Rubber Belt (V-Ribbed) BT-MITSU PREMIUM RECMF-6250,CR.AR.025.BT-MITSU,63.5,401032,BT-MITSU r?ng A25,,202
1818,RECMF-6260,BT-MITSU PREMIUM,Rubber Belt (V-Ribbed) BT-MITSU PREMIUM RECMF-6260,CR.AR.026.BT-MITSU,66,401032,BT-MITSU r?ng A26,,210
1819,RECMF-6270,BT-MITSU PREMIUM,Rubber Belt (V-Ribbed) BT-MITSU PREMIUM RECMF-6270,CR.AR.027.BT-MITSU,68.6,401032,BT-MITSU r?ng A27,,0
1820,RECMF-6280,BT-MITSU PREMIUM,Rubber Belt (V-Ribbed) BT-MITSU PREMIUM RECMF-6280,CR.AR.028.BT-MITSU,71.1,401032,BT-MITSU r?ng A28,,210
1821,RECMF-6290,BT-MITSU PREMIUM,Rubber Belt (V-Ribbed) BT-MITSU PREMIUM RECMF-6290,CR.AR.029.BT-MITSU,73.7,401032,BT-MITSU r?ng A29,,0
1822,RECMF-6300,BT-MITSU PREMIUM,Rubber Belt (V-Ribbed) BT-MITSU PREMIUM RECMF-6300,CR.AR.030.BT-MITSU,76.2,401032,BT-MITSU r?ng A30,,180
1823,RECMF-6310,BT-MITSU PREMIUM,Rubber Belt (V-Ribbed) BT-MITSU PREMIUM RECMF-6310,CR.AR.031.BT-MITSU,78.7,401032,BT-MITSU r?ng A31,,150
1824,RECMF-6320,BT-MITSU PREMIUM,Rubber Belt (V-Ribbed) BT-MITSU PREMIUM RECMF-6320,CR.AR.032.BT-MITSU,81.3,401032,BT-MITSU r?ng A32,,0
1825,RECMF-6330,BT-MITSU PREMIUM,Rubber Belt (V-Ribbed) BT-MITSU PREMIUM RECMF-6330,CR.AR.033.BT-MITSU,83.8,401032,BT-MITSU r?ng A33,,150
1826,RECMF-6340,BT-MITSU PREMIUM,Rubber Belt (V-Ribbed) BT-MITSU PREMIUM RECMF-6340,CR.AR.034.BT-MITSU,86.4,401032,BT-MITSU r?ng A34,,0
1827,RECMF-6350,BT-MITSU PREMIUM,Rubber Belt (V-Ribbed) BT-MITSU PREMIUM RECMF-6350,CR.AR.035.BT-MITSU,88.9,401032,BT-MITSU r?ng A35,,150
1828,RECMF-6360,BT-MITSU PREMIUM,Rubber Belt (V-Ribbed) BT-MITSU PREMIUM RECMF-6360,CR.AR.036.BT-MITSU,91.4,401032,BT-MITSU r?ng A36,,150
1829,RECMF-6370,BT-MITSU PREMIUM,Rubber Belt (V-Ribbed) BT-MITSU PREMIUM RECMF-6370,CR.AR.037.BT-MITSU,94,401032,BT-MITSU r?ng A37,,150
1830,RECMF-6380,BT-MITSU PREMIUM,Rubber Belt (V-Ribbed) BT-MITSU PREMIUM RECMF-6380,CR.AR.038.BT-MITSU,96.5,401032,BT-MITSU r?ng A38,,150
1831,RECMF-6390,BT-MITSU PREMIUM,Rubber Belt (V-Ribbed) BT-MITSU PREMIUM RECMF-6390,CR.AR.039.BT-MITSU,99.1,401032,BT-MITSU r?ng A39,,150
1832,RECMF-6400,BT-MITSU PREMIUM,Rubber Belt (V-Ribbed) BT-MITSU PREMIUM RECMF-6400,CR.AR.040.BT-MITSU,101.6,401032,BT-MITSU r?ng A40,,150
1833,RECMF-6410,BT-MITSU PREMIUM,Rubber Belt (V-Ribbed) BT-MITSU PREMIUM RECMF-6410,CR.AR.041.BT-MITSU,104.1,401032,BT-MITSU r?ng A41,,150
1834,RECMF-6420,BT-MITSU PREMIUM,Rubber Belt (V-Ribbed) BT-MITSU PREMIUM RECMF-6420,CR.AR.042.BT-MITSU,106.7,401032,BT-MITSU r?ng A42,,150
1835,RECMF-6430,BT-MITSU PREMIUM,Rubber Belt (V-Ribbed) BT-MITSU PREMIUM RECMF-6430,CR.AR.043.BT-MITSU,109.2,401032,BT-MITSU r?ng A43,,150
1836,RECMF-6440,BT-MITSU PREMIUM,Rubber Belt (V-Ribbed) BT-MITSU PREMIUM RECMF-6440,CR.AR.044.BT-MITSU,111.8,401032,BT-MITSU r?ng A44,,0
1837,RECMF-6450,BT-MITSU PREMIUM,Rubber Belt (V-Ribbed) BT-MITSU PREMIUM RECMF-6450,CR.AR.045.BT-MITSU,114.3,401032,BT-MITSU r?ng A45,,0
1838,RECMF-6460,BT-MITSU PREMIUM,Rubber Belt (V-Ribbed) BT-MITSU PREMIUM RECMF-6460,CR.AR.046.BT-MITSU,116.8,401032,BT-MITSU r?ng A46,,0
1839,RECMF-6470,BT-MITSU PREMIUM,Rubber Belt (V-Ribbed) BT-MITSU PREMIUM RECMF-6470,CR.AR.047.BT-MITSU,119.4,401032,BT-MITSU r?ng A47,,100
1840,RECMF-6480,BT-MITSU PREMIUM,Rubber Belt (V-Ribbed) BT-MITSU PREMIUM RECMF-6480,CR.AR.048.BT-MITSU,121.9,401032,BT-MITSU r?ng A48,,0
1841,RECMF-6490,BT-MITSU PREMIUM,Rubber Belt (V-Ribbed) BT-MITSU PREMIUM RECMF-6490,CR.AR.049.BT-MITSU,124.5,401032,BT-MITSU r?ng A49,,100
1842,RECMF-6500,BT-MITSU PREMIUM,Rubber Belt (V-Ribbed) BT-MITSU PREMIUM RECMF-6500,CR.AR.050.BT-MITSU,127,401032,BT-MITSU r?ng A50,,100
1843,RECMF-6510,BT-MITSU PREMIUM,Rubber Belt (V-Ribbed) BT-MITSU PREMIUM RECMF-6510,CR.AR.051.BT-MITSU,129.5,401032,BT-MITSU r?ng A51,,100
1844,RECMF-6520,BT-MITSU PREMIUM,Rubber Belt (V-Ribbed) BT-MITSU PREMIUM RECMF-6520,CR.AR.052.BT-MITSU,132.1,401032,BT-MITSU r?ng A52,,0
1845,RECMF-6530,BT-MITSU PREMIUM,Rubber Belt (V-Ribbed) BT-MITSU PREMIUM RECMF-6530,CR.AR.053.BT-MITSU,134.6,401032,BT-MITSU r?ng A53,,0
1846,RECMF-6540,BT-MITSU PREMIUM,Rubber Belt (V-Ribbed) BT-MITSU PREMIUM RECMF-6540,CR.AR.054.BT-MITSU,137.2,401032,BT-MITSU r?ng A54,,100
1847,RECMF-6550,BT-MITSU PREMIUM,Rubber Belt (V-Ribbed) BT-MITSU PREMIUM RECMF-6550,CR.AR.055.BT-MITSU,139.7,401032,BT-MITSU r?ng A55,,100
1848,RECMF-6560,BT-MITSU PREMIUM,Rubber Belt (V-Ribbed) BT-MITSU PREMIUM RECMF-6560,CR.AR.056.BT-MITSU,142.2,401032,BT-MITSU r?ng A56,,0
1849,RECMF-6570,BT-MITSU PREMIUM,Rubber Belt (V-Ribbed) BT-MITSU PREMIUM RECMF-6570,CR.AR.057.BT-MITSU,144.8,401032,BT-MITSU r?ng A57,,100
1850,RECMF-6580,BT-MITSU PREMIUM,Rubber Belt (V-Ribbed) BT-MITSU PREMIUM RECMF-6580,CR.AR.058.BT-MITSU,147.3,401032,BT-MITSU r?ng A58,,100
1851,RECMF-6590,BT-MITSU PREMIUM,Rubber Belt (V-Ribbed) BT-MITSU PREMIUM RECMF-6590,CR.AR.059.BT-MITSU,149.9,401032,BT-MITSU r?ng A59,,100
1852,RECMF-6600,BT-MITSU PREMIUM,Rubber Belt (V-Ribbed) BT-MITSU PREMIUM RECMF-6600,CR.AR.060.BT-MITSU,152.4,401032,BT-MITSU r?ng A60,,100
1853,RECMF-6610,BT-MITSU PREMIUM,Rubber Belt (V-Ribbed) BT-MITSU PREMIUM RECMF-6610,CR.AR.061.BT-MITSU,154.9,401032,BT-MITSU r?ng A61,,100
1854,RECMF-6620,BT-MITSU PREMIUM,Rubber Belt (V-Ribbed) BT-MITSU PREMIUM RECMF-6620,CR.AR.062.BT-MITSU,157.5,401032,BT-MITSU r?ng A62,,100
1855,RECMF-6630,BT-MITSU PREMIUM,Rubber Belt (V-Ribbed) BT-MITSU PREMIUM RECMF-6630,CR.AR.063.BT-MITSU,160,401032,BT-MITSU r?ng A63,,100
1856,RECMF-6640,BT-MITSU PREMIUM,Rubber Belt (V-Ribbed) BT-MITSU PREMIUM RECMF-6640,CR.AR.064.BT-MITSU,162.6,401032,BT-MITSU r?ng A64,,100
1857,RECMF-6650,BT-MITSU PREMIUM,Rubber Belt (V-Ribbed) BT-MITSU PREMIUM RECMF-6650,CR.AR.065.BT-MITSU,165.1,401032,BT-MITSU r?ng A65,,100
1858,RECMF-6660,BT-MITSU PREMIUM,Rubber Belt (V-Ribbed) BT-MITSU PREMIUM RECMF-6660,CR.AR.066.BT-MITSU,167.6,401032,BT-MITSU r?ng A66,,100
1859,RECMF-6670,BT-MITSU PREMIUM,Rubber Belt (V-Ribbed) BT-MITSU PREMIUM RECMF-6670,CR.AR.067.BT-MITSU,170.2,401032,BT-MITSU r?ng A67,,100
1860,RECMF-6680,BT-MITSU PREMIUM,Rubber Belt (V-Ribbed) BT-MITSU PREMIUM RECMF-6680,CR.AR.068.BT-MITSU,172.7,401032,BT-MITSU r?ng A68,,100
1861,RECMF-6690,BT-MITSU PREMIUM,Rubber Belt (V-Ribbed) BT-MITSU PREMIUM RECMF-6690,CR.AR.069.BT-MITSU,175.3,401032,BT-MITSU r?ng A69,,100
1862,RECMF-6710,BT-MITSU PREMIUM,Rubber Belt (V-Ribbed) BT-MITSU PREMIUM RECMF-6710,CR.AR.071.BT-MITSU,180.3,401034,BT-MITSU r?ng A71,,0
1863,RECMF-6720,BT-MITSU PREMIUM,Rubber Belt (V-Ribbed) BT-MITSU PREMIUM RECMF-6720,CR.AR.072.BT-MITSU,182.9,401034,BT-MITSU r?ng A72,,61
1864,RECMF-6730,BT-MITSU PREMIUM,Rubber Belt (V-Ribbed) BT-MITSU PREMIUM RECMF-6730,CR.AR.073.BT-MITSU,185.4,401034,BT-MITSU r?ng A73,,70
1865,RECMF-6740,BT-MITSU PREMIUM,Rubber Belt (V-Ribbed) BT-MITSU PREMIUM RECMF-6740,CR.AR.074.BT-MITSU,188,401034,BT-MITSU r?ng A74,,80
1866,RECMF-6750,BT-MITSU PREMIUM,Rubber Belt (V-Ribbed) BT-MITSU PREMIUM RECMF-6750,CR.AR.075.BT-MITSU,190.5,401034,BT-MITSU r?ng A75,,80
1867,RECMF-6760,BT-MITSU PREMIUM,Rubber Belt (V-Ribbed) BT-MITSU PREMIUM RECMF-6760,CR.AR.076.BT-MITSU,193,401034,BT-MITSU r?ng A76,,0
1868,RECMF-6800,BT-MITSU PREMIUM,Rubber Belt (V-Ribbed) BT-MITSU PREMIUM RECMF-6800,CR.AR.080.BT-MITSU,203.2,401034,BT-MITSU r?ng A80,,0
1869,RECMF-8260,BT-MITSU PREMIUM,Rubber Belt (V-Ribbed) BT-MITSU PREMIUM RECMF-8260,CR.BR.026.BT-MITSU,66,401032,BT-MITSU r?ng B26,,0
1870,RECMF-8270,BT-MITSU PREMIUM,Rubber Belt (V-Ribbed) BT-MITSU PREMIUM RECMF-8270,CR.BR.027.BT-MITSU,68.6,401032,BT-MITSU r?ng B27,,0
1871,RECMF-8280,BT-MITSU PREMIUM,Rubber Belt (V-Ribbed) BT-MITSU PREMIUM RECMF-8280,CR.BR.028.BT-MITSU,71.1,401032,BT-MITSU r?ng B28,,0
1872,RECMF-8290,BT-MITSU PREMIUM,Rubber Belt (V-Ribbed) BT-MITSU PREMIUM RECMF-8290,CR.BR.029.BT-MITSU,73.7,401032,BT-MITSU r?ng B29,,120
1873,RECMF-8300,BT-MITSU PREMIUM,Rubber Belt (V-Ribbed) BT-MITSU PREMIUM RECMF-8300,CR.BR.030.BT-MITSU,76.2,401032,BT-MITSU r?ng B30,,0
1874,RECMF-8310,BT-MITSU PREMIUM,Rubber Belt (V-Ribbed) BT-MITSU PREMIUM RECMF-8310,CR.BR.031.BT-MITSU,78.7,401032,BT-MITSU r?ng B31,,0
1875,RECMF-8320,BT-MITSU PREMIUM,Rubber Belt (V-Ribbed) BT-MITSU PREMIUM RECMF-8320,CR.BR.032.BT-MITSU,81.3,401032,BT-MITSU r?ng B32,,0
1876,RECMF-8330,BT-MITSU PREMIUM,Rubber Belt (V-Ribbed) BT-MITSU PREMIUM RECMF-8330,CR.BR.033.BT-MITSU,83.8,401032,BT-MITSU r?ng B33,,80
1877,RECMF-8340,BT-MITSU PREMIUM,Rubber Belt (V-Ribbed) BT-MITSU PREMIUM RECMF-8340,CR.BR.034.BT-MITSU,86.4,401032,BT-MITSU r?ng B34,,80
1878,RECMF-8350,BT-MITSU PREMIUM,Rubber Belt (V-Ribbed) BT-MITSU PREMIUM RECMF-8350,CR.BR.035.BT-MITSU,88.9,401032,BT-MITSU r?ng B35,,75
1879,RECMF-8360,BT-MITSU PREMIUM,Rubber Belt (V-Ribbed) BT-MITSU PREMIUM RECMF-8360,CR.BR.036.BT-MITSU,91.4,401032,BT-MITSU r?ng B36,,0
1880,RECMF-8370,BT-MITSU PREMIUM,Rubber Belt (V-Ribbed) BT-MITSU PREMIUM RECMF-8370,CR.BR.037.BT-MITSU,94,401032,BT-MITSU r?ng B37,,0
1881,RECMF-8380,BT-MITSU PREMIUM,Rubber Belt (V-Ribbed) BT-MITSU PREMIUM RECMF-8380,CR.BR.038.BT-MITSU,96.5,401032,BT-MITSU r?ng B38,,75
1882,RECMF-8400,BT-MITSU PREMIUM,Rubber Belt (V-Ribbed) BT-MITSU PREMIUM RECMF-8400,CR.BR.040.BT-MITSU,101.6,401032,BT-MITSU r?ng B40,,0
1883,RECMF-8410,BT-MITSU PREMIUM,Rubber Belt (V-Ribbed) BT-MITSU PREMIUM RECMF-8410,CR.BR.041.BT-MITSU,104.1,401032,BT-MITSU r?ng B41,,75
1884,RECMF-8420,BT-MITSU PREMIUM,Rubber Belt (V-Ribbed) BT-MITSU PREMIUM RECMF-8420,CR.BR.042.BT-MITSU,106.7,401032,BT-MITSU r?ng B42,,75
1885,RECMF-8430,BT-MITSU PREMIUM,Rubber Belt (V-Ribbed) BT-MITSU PREMIUM RECMF-8430,CR.BR.043.BT-MITSU,109.2,401032,BT-MITSU r?ng B43,,0
1886,RECMF-8440,BT-MITSU PREMIUM,Rubber Belt (V-Ribbed) BT-MITSU PREMIUM RECMF-8440,CR.BR.044.BT-MITSU,111.8,401032,BT-MITSU r?ng B44,,0
1887,RECMF-8450,BT-MITSU PREMIUM,Rubber Belt (V-Ribbed) BT-MITSU PREMIUM RECMF-8450,CR.BR.045.BT-MITSU,114.3,401032,BT-MITSU r?ng B45,,75
1888,RECMF-8460,BT-MITSU PREMIUM,Rubber Belt (V-Ribbed) BT-MITSU PREMIUM RECMF-8460,CR.BR.046.BT-MITSU,116.8,401032,BT-MITSU r?ng B46,,0
1889,RECMF-8470,BT-MITSU PREMIUM,Rubber Belt (V-Ribbed) BT-MITSU PREMIUM RECMF-8470,CR.BR.047.BT-MITSU,119.4,401032,BT-MITSU r?ng B47,,0
1890,RECMF-8480,BT-MITSU PREMIUM,Rubber Belt (V-Ribbed) BT-MITSU PREMIUM RECMF-8480,CR.BR.048.BT-MITSU,121.9,401032,BT-MITSU r?ng B48,,73
1891,RECMF-8490,BT-MITSU PREMIUM,Rubber Belt (V-Ribbed) BT-MITSU PREMIUM RECMF-8490,CR.BR.049.BT-MITSU,124.5,401032,BT-MITSU r?ng B49,,0
1892,RECMF-8500,BT-MITSU PREMIUM,Rubber Belt (V-Ribbed) BT-MITSU PREMIUM RECMF-8500,CR.BR.050.BT-MITSU,127,401032,BT-MITSU r?ng B50,,0
1893,RECMF-8510,BT-MITSU PREMIUM,Rubber Belt (V-Ribbed) BT-MITSU PREMIUM RECMF-8510,CR.BR.051.BT-MITSU,129.5,401032,BT-MITSU r?ng B51,,0
1894,RECMF-8520,BT-MITSU PREMIUM,Rubber Belt (V-Ribbed) BT-MITSU PREMIUM RECMF-8520,CR.BR.052.BT-MITSU,132.1,401032,BT-MITSU r?ng B52,,65
1895,RECMF-8530,BT-MITSU PREMIUM,Rubber Belt (V-Ribbed) BT-MITSU PREMIUM RECMF-8530,CR.BR.053.BT-MITSU,134.6,401032,BT-MITSU r?ng B53,,65
1896,RECMF-8540,BT-MITSU PREMIUM,Rubber Belt (V-Ribbed) BT-MITSU PREMIUM RECMF-8540,CR.BR.054.BT-MITSU,137.2,401032,BT-MITSU r?ng B54,,65
1897,RECMF-8550,BT-MITSU PREMIUM,Rubber Belt (V-Ribbed) BT-MITSU PREMIUM RECMF-8550,CR.BR.055.BT-MITSU,139.7,401032,BT-MITSU r?ng B55,,0
1898,RECMF-8560,BT-MITSU PREMIUM,Rubber Belt (V-Ribbed) BT-MITSU PREMIUM RECMF-8560,CR.BR.056.BT-MITSU,142.2,401032,BT-MITSU r?ng B56,,0
1899,RECMF-8570,BT-MITSU PREMIUM,Rubber Belt (V-Ribbed) BT-MITSU PREMIUM RECMF-8570,CR.BR.057.BT-MITSU,144.8,401032,BT-MITSU r?ng B57,,68
1900,RECMF-8580,BT-MITSU PREMIUM,Rubber Belt (V-Ribbed) BT-MITSU PREMIUM RECMF-8580,CR.BR.058.BT-MITSU,147.3,401032,BT-MITSU r?ng B58,,60
1901,RECMF-8590,BT-MITSU PREMIUM,Rubber Belt (V-Ribbed) BT-MITSU PREMIUM RECMF-8590,CR.BR.059.BT-MITSU,149.9,401032,BT-MITSU r?ng B59,,60
1902,RECMF-8600,BT-MITSU PREMIUM,Rubber Belt (V-Ribbed) BT-MITSU PREMIUM RECMF-8600,CR.BR.060.BT-MITSU,152.4,401032,BT-MITSU r?ng B60,,0
1903,RECMF-8610,BT-MITSU PREMIUM,Rubber Belt (V-Ribbed) BT-MITSU PREMIUM RECMF-8610,CR.BR.061.BT-MITSU,154.9,401032,BT-MITSU r?ng B61,,55
1904,RECMF-8620,BT-MITSU PREMIUM,Rubber Belt (V-Ribbed) BT-MITSU PREMIUM RECMF-8620,CR.BR.062.BT-MITSU,157.5,401032,BT-MITSU r?ng B62,,55
1905,RECMF-8630,BT-MITSU PREMIUM,Rubber Belt (V-Ribbed) BT-MITSU PREMIUM RECMF-8630,CR.BR.063.BT-MITSU,160,401032,BT-MITSU r?ng B63,,55
1906,RECMF-8640,BT-MITSU PREMIUM,Rubber Belt (V-Ribbed) BT-MITSU PREMIUM RECMF-8640,CR.BR.064.BT-MITSU,162.6,401032,BT-MITSU r?ng B64,,0
1907,RECMF-8650,BT-MITSU PREMIUM,Rubber Belt (V-Ribbed) BT-MITSU PREMIUM RECMF-8650,CR.BR.065.BT-MITSU,165.1,401032,BT-MITSU r?ng B65,,0
1908,RECMF-8660,BT-MITSU PREMIUM,Rubber Belt (V-Ribbed) BT-MITSU PREMIUM RECMF-8660,CR.BR.066.BT-MITSU,167.6,401032,BT-MITSU r?ng B66,,55
1909,RECMF-8670,BT-MITSU PREMIUM,Rubber Belt (V-Ribbed) BT-MITSU PREMIUM RECMF-8670,CR.BR.067.BT-MITSU,170.2,401032,BT-MITSU r?ng B67,,0
1910,RECMF-8680,BT-MITSU PREMIUM,Rubber Belt (V-Ribbed) BT-MITSU PREMIUM RECMF-8680,CR.BR.068.BT-MITSU,172.7,401032,BT-MITSU r?ng B68,,55
1911,RECMF-8690,BT-MITSU PREMIUM,Rubber Belt (V-Ribbed) BT-MITSU PREMIUM RECMF-8690,CR.BR.069.BT-MITSU,175.3,401032,BT-MITSU r?ng B69,,0
1912,RECMF-8700,BT-MITSU PREMIUM,Rubber Belt (V-Ribbed) BT-MITSU PREMIUM RECMF-8700,CR.BR.070.BT-MITSU,177.8,401032,BT-MITSU r?ng B70,,50
1913,RECMF-8710,BT-MITSU PREMIUM,Rubber Belt (V-Ribbed) BT-MITSU PREMIUM RECMF-8710,CR.BR.071.BT-MITSU,180.3,401034,BT-MITSU r?ng B71,,50
1914,RECMF-8720,BT-MITSU PREMIUM,Rubber Belt (V-Ribbed) BT-MITSU PREMIUM RECMF-8720,CR.BR.072.BT-MITSU,182.9,401034,BT-MITSU r?ng B72,,50
1915,RECMF-8730,BT-MITSU PREMIUM,Rubber Belt (V-Ribbed) BT-MITSU PREMIUM RECMF-8730,CR.BR.073.BT-MITSU,185.4,401034,BT-MITSU r?ng B73,,50
1916,RECMF-8740,BT-MITSU PREMIUM,Rubber Belt (V-Ribbed) BT-MITSU PREMIUM RECMF-8740,CR.BR.074.BT-MITSU,188,401034,BT-MITSU r?ng B74,,50
1917,RECMF-8750,BT-MITSU PREMIUM,Rubber Belt (V-Ribbed) BT-MITSU PREMIUM RECMF-8750,CR.BR.075.BT-MITSU,190.5,401034,BT-MITSU r?ng B75,,0
1918,RECMF-8760,BT-MITSU PREMIUM,Rubber Belt (V-Ribbed) BT-MITSU PREMIUM RECMF-8760,CR.BR.076.BT-MITSU,193,401034,BT-MITSU r?ng B76,,50
1919,RECMF-8770,BT-MITSU PREMIUM,Rubber Belt (V-Ribbed) BT-MITSU PREMIUM RECMF-8770,CR.BR.077.BT-MITSU,195.6,401034,BT-MITSU r?ng B77,,50
1920,RECMF-8780,BT-MITSU PREMIUM,Rubber Belt (V-Ribbed) BT-MITSU PREMIUM RECMF-8780,CR.BR.078.BT-MITSU,198.1,401034,BT-MITSU r?ng B78,,50
1921,RECMF-8790,BT-MITSU PREMIUM,Rubber Belt (V-Ribbed) BT-MITSU PREMIUM RECMF-8790,CR.BR.079.BT-MITSU,200.7,401034,BT-MITSU r?ng B79,,50
1922,RECMF-8800,BT-MITSU PREMIUM,Rubber Belt (V-Ribbed) BT-MITSU PREMIUM RECMF-8800,CR.BR.080.BT-MITSU,203.2,401034,BT-MITSU r?ng B80,,0
1923,RECMF-8810,BT-MITSU PREMIUM,Rubber Belt (V-Ribbed) BT-MITSU PREMIUM RECMF-8810,CR.BR.081.BT-MITSU,205.7,401034,BT-MITSU r?ng B81,,0
1924,RECMF-8820,BT-MITSU PREMIUM,Rubber Belt (V-Ribbed) BT-MITSU PREMIUM RECMF-8820,CR.BR.082.BT-MITSU,208.3,401034,BT-MITSU r?ng B82,,45
1925,RECMF-8830,BT-MITSU PREMIUM,Rubber Belt (V-Ribbed) BT-MITSU PREMIUM RECMF-8830,CR.BR.083.BT-MITSU,210.8,401034,BT-MITSU r?ng B83,,0
1926,RECMF-8840,BT-MITSU PREMIUM,Rubber Belt (V-Ribbed) BT-MITSU PREMIUM RECMF-8840,CR.BR.084.BT-MITSU,213.4,401034,BT-MITSU r?ng B84,,0
1927,RECMF-8850,BT-MITSU PREMIUM,Rubber Belt (V-Ribbed) BT-MITSU PREMIUM RECMF-8850,CR.BR.085.BT-MITSU,215.9,401034,BT-MITSU r?ng B85,,0
1928,RECMF-8860,BT-MITSU PREMIUM,Rubber Belt (V-Ribbed) BT-MITSU PREMIUM RECMF-8860,CR.BR.086.BT-MITSU,218.4,401034,BT-MITSU r?ng B86,,0
1929,RECMF-8870,BT-MITSU PREMIUM,Rubber Belt (V-Ribbed) BT-MITSU PREMIUM RECMF-8870,CR.BR.087.BT-MITSU,221,401034,BT-MITSU r?ng B87,,0
1930,RECMF-8880,BT-MITSU PREMIUM,Rubber Belt (V-Ribbed) BT-MITSU PREMIUM RECMF-8880,CR.BR.088.BT-MITSU,223.5,401034,BT-MITSU r?ng B88,,45
1931,RECMF-8890,BT-MITSU PREMIUM,Rubber Belt (V-Ribbed) BT-MITSU PREMIUM RECMF-8890,CR.BR.089.BT-MITSU,226.1,401034,BT-MITSU r?ng B89,,0
1932,RECMF-8900,BT-MITSU PREMIUM,Rubber Belt (V-Ribbed) BT-MITSU PREMIUM RECMF-8900,CR.BR.090.BT-MITSU,228.6,401034,BT-MITSU r?ng B90,,0
1933,RECMF-8940,BT-MITSU PREMIUM,Rubber Belt (V-Ribbed) BT-MITSU PREMIUM RECMF-8940,CR.BR.094.BT-MITSU,238.8,401034,BT-MITSU r?ng B94,,0
1934,RECMF-8950,BT-MITSU PREMIUM,Rubber Belt (V-Ribbed) BT-MITSU PREMIUM RECMF-8950,CR.BR.095.BT-MITSU,241.3,401039,BT-MITSU r?ng B95,,0
1935,RECMF-8970,BT-MITSU PREMIUM,Rubber Belt (V-Ribbed) BT-MITSU PREMIUM RECMF-8970,CR.BR.097.BT-MITSU,246.4,401039,BT-MITSU r?ng B97,,0
1936,RECMF-8980,BT-MITSU PREMIUM,Rubber Belt (V-Ribbed) BT-MITSU PREMIUM RECMF-8980,CR.BR.098.BT-MITSU,248.9,401039,BT-MITSU r?ng B98,,0
1937,RECMF-8990,BT-MITSU PREMIUM,Rubber Belt (V-Ribbed) BT-MITSU PREMIUM RECMF-8990,CR.BR.099.BT-MITSU,251.5,401039,BT-MITSU r?ng B99,,0
1938,RECMF-81000,BT-MITSU PREMIUM,Rubber Belt (V-Ribbed) BT-MITSU PREMIUM RECMF-81000,CR.BR.100.BT-MITSU,254,401039,BT-MITSU r?ng B100,,0
1939,RECMF-81080,BT-MITSU PREMIUM,Rubber Belt (V-Ribbed) BT-MITSU PREMIUM RECMF-81080,CR.BR.108.BT-MITSU,274.3,401039,BT-MITSU r?ng B108,,0
1940,RECMF-9390,BT-MITSU PREMIUM,Rubber Belt (V-Ribbed) BT-MITSU PREMIUM RECMF-9390,CR.CR.039.BT-MITSU,99.1,401032,BT-MITSU r?ng C39,,0
1941,RECMF-9460,BT-MITSU PREMIUM,Rubber Belt (V-Ribbed) BT-MITSU PREMIUM RECMF-9460,CR.CR.046.BT-MITSU,116.8,401032,BT-MITSU r?ng C46,,0
1942,RECMF-9510,BT-MITSU PREMIUM,Rubber Belt (V-Ribbed) BT-MITSU PREMIUM RECMF-9510,CR.CR.051.BT-MITSU,129.5,401032,BT-MITSU r?ng C51,,0
1943,RECMF-9520,BT-MITSU PREMIUM,Rubber Belt (V-Ribbed) BT-MITSU PREMIUM RECMF-9520,CR.CR.052.BT-MITSU,132.1,401032,BT-MITSU r?ng C52,,0
1944,RECMF-9540,BT-MITSU PREMIUM,Rubber Belt (V-Ribbed) BT-MITSU PREMIUM RECMF-9540,CR.CR.054.BT-MITSU,137.2,401032,BT-MITSU r?ng C54,,0
1945,RECMF-9590,BT-MITSU PREMIUM,Rubber Belt (V-Ribbed) BT-MITSU PREMIUM RECMF-9590,CR.CR.059.BT-MITSU,149.9,401032,BT-MITSU r?ng C59,,0
1946,RECMF-9600,BT-MITSU PREMIUM,Rubber Belt (V-Ribbed) BT-MITSU PREMIUM RECMF-9600,CR.CR.060.BT-MITSU,152.4,401032,BT-MITSU r?ng C60,,0
1947,RECMF-9610,BT-MITSU PREMIUM,Rubber Belt (V-Ribbed) BT-MITSU PREMIUM RECMF-9610,CR.CR.061.BT-MITSU,154.9,401032,BT-MITSU r?ng C61,,0
1948,RECMF-9640,BT-MITSU PREMIUM,Rubber Belt (V-Ribbed) BT-MITSU PREMIUM RECMF-9640,CR.CR.064.BT-MITSU,162.6,401032,BT-MITSU r?ng C64,,0
1949,RECMF-9650,BT-MITSU PREMIUM,Rubber Belt (V-Ribbed) BT-MITSU PREMIUM RECMF-9650,CR.CR.065.BT-MITSU,165.1,401032,BT-MITSU r?ng C65,,0
1950,RECMF-9720,BT-MITSU PREMIUM,Rubber Belt (V-Ribbed) BT-MITSU PREMIUM RECMF-9720,CR.CR.072.BT-MITSU,182.9,401034,BT-MITSU r?ng C72,,0
1951,RECMF-9730,BT-MITSU PREMIUM,Rubber Belt (V-Ribbed) BT-MITSU PREMIUM RECMF-9730,CR.CR.073.BT-MITSU,185.4,401034,BT-MITSU r?ng C73,,0
1952,RECMF-9750,BT-MITSU PREMIUM,Rubber Belt (V-Ribbed) BT-MITSU PREMIUM RECMF-9750,CR.CR.075.BT-MITSU,190.5,401034,BT-MITSU r?ng C75,,0
1953,RECMF-9760,BT-MITSU PREMIUM,Rubber Belt (V-Ribbed) BT-MITSU PREMIUM RECMF-9760,CR.CR.076.BT-MITSU,193,401034,BT-MITSU r?ng C76,,0
1954,RECMF-9780,BT-MITSU PREMIUM,Rubber Belt (V-Ribbed) BT-MITSU PREMIUM RECMF-9780,CR.CR.078.BT-MITSU,198.1,401034,BT-MITSU r?ng C78,,0
1955,RECMF-9790,BT-MITSU PREMIUM,Rubber Belt (V-Ribbed) BT-MITSU PREMIUM RECMF-9790,CR.CR.079.BT-MITSU,200.7,401034,BT-MITSU r?ng C79,,0
1956,RECMF-9810,BT-MITSU PREMIUM,Rubber Belt (V-Ribbed) BT-MITSU PREMIUM RECMF-9810,CR.CR.081.BT-MITSU,205.7,401034,BT-MITSU r?ng C81,,0
1957,RECMF-9820,BT-MITSU PREMIUM,Rubber Belt (V-Ribbed) BT-MITSU PREMIUM RECMF-9820,CR.CR.082.BT-MITSU,208.3,401034,BT-MITSU r?ng C82,,0
1958,RECMF-9830,BT-MITSU PREMIUM,Rubber Belt (V-Ribbed) BT-MITSU PREMIUM RECMF-9830,CR.CR.083.BT-MITSU,210.8,401034,BT-MITSU r?ng C83,,0
1959,RECMF-9840,BT-MITSU PREMIUM,Rubber Belt (V-Ribbed) BT-MITSU PREMIUM RECMF-9840,CR.CR.084.BT-MITSU,213.4,401034,BT-MITSU r?ng C84,,0
1960,RECMF-9850,BT-MITSU PREMIUM,Rubber Belt (V-Ribbed) BT-MITSU PREMIUM RECMF-9850,CR.CR.085.BT-MITSU,215.9,401034,BT-MITSU r?ng C85,,30
1961,RECMF-9860,BT-MITSU PREMIUM,Rubber Belt (V-Ribbed) BT-MITSU PREMIUM RECMF-9860,CR.CR.086.BT-MITSU,218.4,401034,BT-MITSU r?ng C86,,0
1962,RECMF-9880,BT-MITSU PREMIUM,Rubber Belt (V-Ribbed) BT-MITSU PREMIUM RECMF-9880,CR.CR.088.BT-MITSU,223.5,401034,BT-MITSU r?ng C88,,0
1963,RECMF-9900,BT-MITSU PREMIUM,Rubber Belt (V-Ribbed) BT-MITSU PREMIUM RECMF-9900,CR.CR.090.BT-MITSU,228.6,401034,BT-MITSU r?ng C90,,0
1964,RECMF-9920,BT-MITSU PREMIUM,Rubber Belt (V-Ribbed) BT-MITSU PREMIUM RECMF-9920,CR.CR.092.BT-MITSU,233.7,401034,BT-MITSU r?ng C92,,0
1965,RECMF-9950,BT-MITSU PREMIUM,Rubber Belt (V-Ribbed) BT-MITSU PREMIUM RECMF-9950,CR.CR.095.BT-MITSU,241.3,401039,BT-MITSU r?ng C95,,0
1966,RECMF-1200,BT-MITSU PREMIUM,Rubber Belt (V-Ribbed) BT-MITSU PREMIUM RECMF-1200,CR.FMR.020.BT-MITSU,50.8,401039,BT-MITSU r?ng FM20,,0
1967,RECMF-1210,BT-MITSU PREMIUM,Rubber Belt (V-Ribbed) BT-MITSU PREMIUM RECMF-1210,CR.FMR.021.BT-MITSU,53.3,401039,BT-MITSU r?ng FM21,,0
1968,RECMF-1220,BT-MITSU PREMIUM,Rubber Belt (V-Ribbed) BT-MITSU PREMIUM RECMF-1220,CR.FMR.022.BT-MITSU,55.9,401039,BT-MITSU r?ng FM22,,0
1969,RECMF-1240,BT-MITSU PREMIUM,Rubber Belt (V-Ribbed) BT-MITSU PREMIUM RECMF-1240,CR.FMR.024.BT-MITSU,61,401032,BT-MITSU r?ng FM24,,0
1970,RECMF-1250,BT-MITSU PREMIUM,Rubber Belt (V-Ribbed) BT-MITSU PREMIUM RECMF-1250,CR.FMR.025.BT-MITSU,63.5,401032,BT-MITSU r?ng FM25,,0
1971,RECMF-1260,BT-MITSU PREMIUM,Rubber Belt (V-Ribbed) BT-MITSU PREMIUM RECMF-1260,CR.FMR.026.BT-MITSU,66,401032,BT-MITSU r?ng FM26,,0
1972,RECMF-1270,BT-MITSU PREMIUM,Rubber Belt (V-Ribbed) BT-MITSU PREMIUM RECMF-1270,CR.FMR.027.BT-MITSU,68.6,401032,BT-MITSU r?ng FM27,,0
1973,RECMF-1280,BT-MITSU PREMIUM,Rubber Belt (V-Ribbed) BT-MITSU PREMIUM RECMF-1280,CR.FMR.028.BT-MITSU,71.1,401032,BT-MITSU r?ng FM28,,0
1974,RECMF-1290,BT-MITSU PREMIUM,Rubber Belt (V-Ribbed) BT-MITSU PREMIUM RECMF-1290,CR.FMR.029.BT-MITSU,73.7,401032,BT-MITSU r?ng FM29,,0
1975,RECMF-1300,BT-MITSU PREMIUM,Rubber Belt (V-Ribbed) BT-MITSU PREMIUM RECMF-1300,CR.FMR.030.BT-MITSU,76.2,401032,BT-MITSU r?ng FM30,,0
1976,RECMF-1310,BT-MITSU PREMIUM,Rubber Belt (V-Ribbed) BT-MITSU PREMIUM RECMF-1310,CR.FMR.031.BT-MITSU,78.7,401032,BT-MITSU r?ng FM31,,0
1977,RECMF-1320,BT-MITSU PREMIUM,Rubber Belt (V-Ribbed) BT-MITSU PREMIUM RECMF-1320,CR.FMR.032.BT-MITSU,81.3,401032,BT-MITSU r?ng FM32,,0
1978,RECMF-1330,BT-MITSU PREMIUM,Rubber Belt (V-Ribbed) BT-MITSU PREMIUM RECMF-1330,CR.FMR.033.BT-MITSU,83.8,401032,BT-MITSU r?ng FM33,,0
1979,RECMF-1340,BT-MITSU PREMIUM,Rubber Belt (V-Ribbed) BT-MITSU PREMIUM RECMF-1340,CR.FMR.034.BT-MITSU,86.4,401032,BT-MITSU r?ng FM34,,0
1980,RECMF-1350,BT-MITSU PREMIUM,Rubber Belt (V-Ribbed) BT-MITSU PREMIUM RECMF-1350,CR.FMR.035.BT-MITSU,88.9,401032,BT-MITSU r?ng FM35,,0
1981,RECMF-1370,BT-MITSU PREMIUM,Rubber Belt (V-Ribbed) BT-MITSU PREMIUM RECMF-1370,CR.FMR.037.BT-MITSU,94,401032,BT-MITSU r?ng FM37,,0
1982,RECMF-1380,BT-MITSU PREMIUM,Rubber Belt (V-Ribbed) BT-MITSU PREMIUM RECMF-1380,CR.FMR.038.BT-MITSU,96.5,401032,BT-MITSU r?ng FM38,,0
1983,RECMF-1390,BT-MITSU PREMIUM,Rubber Belt (V-Ribbed) BT-MITSU PREMIUM RECMF-1390,CR.FMR.039.BT-MITSU,99.1,401032,BT-MITSU r?ng FM39,,0
1984,RECMF-1410,BT-MITSU PREMIUM,Rubber Belt (V-Ribbed) BT-MITSU PREMIUM RECMF-1410,CR.FMR.041.BT-MITSU,104.1,401032,BT-MITSU r?ng FM41,,0
1985,RECMF-1420,BT-MITSU PREMIUM,Rubber Belt (V-Ribbed) BT-MITSU PREMIUM RECMF-1420,CR.FMR.042.BT-MITSU,106.7,401032,BT-MITSU r?ng FM42,,0
1986,RECMF-1430,BT-MITSU PREMIUM,Rubber Belt (V-Ribbed) BT-MITSU PREMIUM RECMF-1430,CR.FMR.043.BT-MITSU,109.2,401032,BT-MITSU r?ng FM43,,200
1987,RECMF-1440,BT-MITSU PREMIUM,Rubber Belt (V-Ribbed) BT-MITSU PREMIUM RECMF-1440,CR.FMR.044.BT-MITSU,111.8,401032,BT-MITSU r?ng FM44,,0
1988,RECMF-1450,BT-MITSU PREMIUM,Rubber Belt (V-Ribbed) BT-MITSU PREMIUM RECMF-1450,CR.FMR.045.BT-MITSU,114.3,401032,BT-MITSU r?ng FM45,,0
1989,RECMF-1460,BT-MITSU PREMIUM,Rubber Belt (V-Ribbed) BT-MITSU PREMIUM RECMF-1460,CR.FMR.046.BT-MITSU,116.8,401032,BT-MITSU r?ng FM46,,0
1990,RECMF-1470,BT-MITSU PREMIUM,Rubber Belt (V-Ribbed) BT-MITSU PREMIUM RECMF-1470,CR.FMR.047.BT-MITSU,119.4,401032,BT-MITSU r?ng FM47,,230
1991,RECMF-1480,BT-MITSU PREMIUM,Rubber Belt (V-Ribbed) BT-MITSU PREMIUM RECMF-1480,CR.FMR.048.BT-MITSU,121.9,401032,BT-MITSU r?ng FM48,,0
1992,RECMF-1530,BT-MITSU PREMIUM,Rubber Belt (V-Ribbed) BT-MITSU PREMIUM RECMF-1530,CR.FMR.053.BT-MITSU,134.6,401032,BT-MITSU r?ng FM53,,0
1993,RECMF-1540,BT-MITSU PREMIUM,Rubber Belt (V-Ribbed) BT-MITSU PREMIUM RECMF-1540,CR.FMR.054.BT-MITSU,137.2,401032,BT-MITSU r?ng FM54,,0
1994,SB58,MICHELIN,Rubber Belt (V-Ribbed) MICHELIN SB58,CR.SBR.058.MICHELIN,147.3,401032,MICHELIN r?ng SB58,,40
1995,SB59,MICHELIN,Rubber Belt (V-Ribbed) MICHELIN SB59,CR.SBR.059.MICHELIN,149.9,401032,MICHELIN r?ng SB59,,40
1996,SC52,MICHELIN,Rubber Belt (V-Ribbed) MICHELIN SC52,CR.SCR.052.MICHELIN,132.1,401032,MICHELIN r?ng SC52,,40
1997,SC54,MICHELIN,Rubber Belt (V-Ribbed) MICHELIN SC54,CR.SCR.054.MICHELIN,137.2,401032,MICHELIN r?ng SC54,,40
1998,SC58,MICHELIN,Rubber Belt (V-Ribbed) MICHELIN SC58,CR.SCR.058.MICHELIN,147.3,401032,MICHELIN r?ng SC58,,40
1999,SC59,MICHELIN,Rubber Belt (V-Ribbed) MICHELIN SC59,CR.SCR.059.MICHELIN,149.9,401032,MICHELIN r?ng SC59,,40
2000,SC68,MICHELIN,Rubber Belt (V-Ribbed) MICHELIN SC68,CR.SCR.068.MICHELIN,172.7,401032,MICHELIN r?ng SC68,,40
2001,SC69,MICHELIN,Rubber Belt (V-Ribbed) MICHELIN SC69,CR.SCR.069.MICHELIN,175.3,401032,MICHELIN r?ng SC69,,40
2002,SB54,MICHELIN,Rubber Belt (V-Ribbed) MICHELIN SB54,CR.SBR.054.MICHELIN,137.2,401032,MICHELIN r?ng SB54,,40
2003,SC83,MICHELIN,Rubber Belt (V-Ribbed) MICHELIN SC83,CR.SCR.083.MICHELIN,210.8,401034,MICHELIN r?ng SC83,,40
2004,A20,MITSURAKU,Rubber V Belt MITSURAKU A20,CR.AT.020.RAKU,50.8,401039,MITSURAKU tr?n A20,,300
2005,A21,MITSURAKU,Rubber V Belt MITSURAKU A21,CR.AT.021.RAKU,53.3,401039,MITSURAKU tr?n A21,,300
2006,A22,MITSURAKU,Rubber V Belt MITSURAKU A22,CR.AT.022.RAKU,55.9,401039,MITSURAKU tr?n A22,,300
2007,A23,MITSURAKU,Rubber V Belt MITSURAKU A23,CR.AT.023.RAKU,58.4,401039,MITSURAKU tr?n A23,,300
2008,A24,MITSURAKU,Rubber V Belt MITSURAKU A24,CR.AT.024.RAKU,61,401032,MITSURAKU tr?n A24,,300
2009,A25,MITSURAKU,Rubber V Belt MITSURAKU A25,CR.AT.025.RAKU,63.5,401032,MITSURAKU tr?n A25,,300
2010,A26,MITSURAKU,Rubber V Belt MITSURAKU A26,CR.AT.026.RAKU,66,401032,MITSURAKU tr?n A26,,220
2011,A27,MITSURAKU,Rubber V Belt MITSURAKU A27,CR.AT.027.RAKU,68.6,401032,MITSURAKU tr?n A27,,220
2012,A28,MITSURAKU,Rubber V Belt MITSURAKU A28,CR.AT.028.RAKU,71.1,401032,MITSURAKU tr?n A28,,220
2013,A29,MITSURAKU,Rubber V Belt MITSURAKU A29,CR.AT.029.RAKU,73.7,401032,MITSURAKU tr?n A29,,220
2014,A30,MITSURAKU,Rubber V Belt MITSURAKU A30,CR.AT.030.RAKU,76.2,401032,MITSURAKU tr?n A30,,220
2015,A31,MITSURAKU,Rubber V Belt MITSURAKU A31,CR.AT.031.RAKU,78.7,401032,MITSURAKU tr?n A31,,220
2016,A32,MITSURAKU,Rubber V Belt MITSURAKU A32,CR.AT.032.RAKU,81.3,401032,MITSURAKU tr?n A32,,220
2017,A33,MITSURAKU,Rubber V Belt MITSURAKU A33,CR.AT.033.RAKU,83.8,401032,MITSURAKU tr?n A33,,220
2018,A34,MITSURAKU,Rubber V Belt MITSURAKU A34,CR.AT.034.RAKU,86.4,401032,MITSURAKU tr?n A34,,220
2019,A35,MITSURAKU,Rubber V Belt MITSURAKU A35,CR.AT.035.RAKU,88.9,401032,MITSURAKU tr?n A35,,200
2020,A36,MITSURAKU,Rubber V Belt MITSURAKU A36,CR.AT.036.RAKU,91.4,401032,MITSURAKU tr?n A36,,200
2021,A37,MITSURAKU,Rubber V Belt MITSURAKU A37,CR.AT.037.RAKU,94,401032,MITSURAKU tr?n A37,,200
2022,A38,MITSURAKU,Rubber V Belt MITSURAKU A38,CR.AT.038.RAKU,96.5,401032,MITSURAKU tr?n A38,,200
2023,A39,MITSURAKU,Rubber V Belt MITSURAKU A39,CR.AT.039.RAKU,99.1,401032,MITSURAKU tr?n A39,,200
2024,A40,MITSURAKU,Rubber V Belt MITSURAKU A40,CR.AT.040.RAKU,101.6,401032,MITSURAKU tr?n A40,,200
2025,A41,MITSURAKU,Rubber V Belt MITSURAKU A41,CR.AT.041.RAKU,104.1,401032,MITSURAKU tr?n A41,,200
2026,A42,MITSURAKU,Rubber V Belt MITSURAKU A42,CR.AT.042.RAKU,106.7,401032,MITSURAKU tr?n A42,,200
2027,A43,MITSURAKU,Rubber V Belt MITSURAKU A43,CR.AT.043.RAKU,109.2,401032,MITSURAKU tr?n A43,,200
2028,A44,MITSURAKU,Rubber V Belt MITSURAKU A44,CR.AT.044.RAKU,111.8,401032,MITSURAKU tr?n A44,,180
2029,A45,MITSURAKU,Rubber V Belt MITSURAKU A45,CR.AT.045.RAKU,114.3,401032,MITSURAKU tr?n A45,,180
2030,A46,MITSURAKU,Rubber V Belt MITSURAKU A46,CR.AT.046.RAKU,116.8,401032,MITSURAKU tr?n A46,,180
2031,A47,MITSURAKU,Rubber V Belt MITSURAKU A47,CR.AT.047.RAKU,119.4,401032,MITSURAKU tr?n A47,,180
2032,A48,MITSURAKU,Rubber V Belt MITSURAKU A48,CR.AT.048.RAKU,121.9,401032,MITSURAKU tr?n A48,,180
2033,A49,MITSURAKU,Rubber V Belt MITSURAKU A49,CR.AT.049.RAKU,124.5,401032,MITSURAKU tr?n A49,,180
2034,A50,MITSURAKU,Rubber V Belt MITSURAKU A50,CR.AT.050.RAKU,127,401032,MITSURAKU tr?n A50,,170
2035,A51,MITSURAKU,Rubber V Belt MITSURAKU A51,CR.AT.051.RAKU,129.5,401032,MITSURAKU tr?n A51,,170
2036,A52,MITSURAKU,Rubber V Belt MITSURAKU A52,CR.AT.052.RAKU,132.1,401032,MITSURAKU tr?n A52,,170
2037,A53,MITSURAKU,Rubber V Belt MITSURAKU A53,CR.AT.053.RAKU,134.6,401032,MITSURAKU tr?n A53,,170
2038,A54,MITSURAKU,Rubber V Belt MITSURAKU A54,CR.AT.054.RAKU,137.2,401032,MITSURAKU tr?n A54,,170
2039,A55,MITSURAKU,Rubber V Belt MITSURAKU A55,CR.AT.055.RAKU,139.7,401032,MITSURAKU tr?n A55,,130
2040,A56,MITSURAKU,Rubber V Belt MITSURAKU A56,CR.AT.056.RAKU,142.2,401032,MITSURAKU tr?n A56,,130
2041,A57,MITSURAKU,Rubber V Belt MITSURAKU A57,CR.AT.057.RAKU,144.8,401032,MITSURAKU tr?n A57,,130
2042,A58,MITSURAKU,Rubber V Belt MITSURAKU A58,CR.AT.058.RAKU,147.3,401032,MITSURAKU tr?n A58,,130
2043,A59,MITSURAKU,Rubber V Belt MITSURAKU A59,CR.AT.059.RAKU,149.9,401032,MITSURAKU tr?n A59,,130
2044,A60,MITSURAKU,Rubber V Belt MITSURAKU A60,CR.AT.060.RAKU,152.4,401032,MITSURAKU tr?n A60,,130
2045,A61,MITSURAKU,Rubber V Belt MITSURAKU A61,CR.AT.061.RAKU,154.9,401032,MITSURAKU tr?n A61,,130
2046,A62,MITSURAKU,Rubber V Belt MITSURAKU A62,CR.AT.062.RAKU,157.5,401032,MITSURAKU tr?n A62,,130
2047,A63,MITSURAKU,Rubber V Belt MITSURAKU A63,CR.AT.063.RAKU,160,401032,MITSURAKU tr?n A63,,130
2048,A64,MITSURAKU,Rubber V Belt MITSURAKU A64,CR.AT.064.RAKU,162.6,401032,MITSURAKU tr?n A64,,130
2049,A65,MITSURAKU,Rubber V Belt MITSURAKU A65,CR.AT.065.RAKU,165.1,401032,MITSURAKU tr?n A65,,130
2050,A66,MITSURAKU,Rubber V Belt MITSURAKU A66,CR.AT.066.RAKU,167.6,401032,MITSURAKU tr?n A66,,130
2051,A67,MITSURAKU,Rubber V Belt MITSURAKU A67,CR.AT.067.RAKU,170.2,401032,MITSURAKU tr?n A67,,130
2052,A68,MITSURAKU,Rubber V Belt MITSURAKU A68,CR.AT.068.RAKU,172.7,401032,MITSURAKU tr?n A68,,130
2053,A69,MITSURAKU,Rubber V Belt MITSURAKU A69,CR.AT.069.RAKU,175.3,401032,MITSURAKU tr?n A69,,110
2054,A70,MITSURAKU,Rubber V Belt MITSURAKU A70,CR.AT.070.RAKU,177.8,401032,MITSURAKU tr?n A70,,110
2055,A71,MITSURAKU,Rubber V Belt MITSURAKU A71,CR.AT.071.RAKU,180.3,401034,MITSURAKU tr?n A71,,110
2056,A72,MITSURAKU,Rubber V Belt MITSURAKU A72,CR.AT.072.RAKU,182.9,401034,MITSURAKU tr?n A72,,110
2057,A73,MITSURAKU,Rubber V Belt MITSURAKU A73,CR.AT.073.RAKU,185.4,401034,MITSURAKU tr?n A73,,110
2058,A74,MITSURAKU,Rubber V Belt MITSURAKU A74,CR.AT.074.RAKU,188,401034,MITSURAKU tr?n A74,,110
2059,A75,MITSURAKU,Rubber V Belt MITSURAKU A75,CR.AT.075.RAKU,190.5,401034,MITSURAKU tr?n A75,,110
2060,A76,MITSURAKU,Rubber V Belt MITSURAKU A76,CR.AT.076.RAKU,193,401034,MITSURAKU tr?n A76,,110
2061,A77,MITSURAKU,Rubber V Belt MITSURAKU A77,CR.AT.077.RAKU,195.6,401034,MITSURAKU tr?n A77,,110
2062,A78,MITSURAKU,Rubber V Belt MITSURAKU A78,CR.AT.078.RAKU,198.1,401034,MITSURAKU tr?n A78,,100
2063,A79,MITSURAKU,Rubber V Belt MITSURAKU A79,CR.AT.079.RAKU,200.7,401034,MITSURAKU tr?n A79,,100
2064,A80,MITSURAKU,Rubber V Belt MITSURAKU A80,CR.AT.080.RAKU,203.2,401034,MITSURAKU tr?n A80,,100
2065,A81,MITSURAKU,Rubber V Belt MITSURAKU A81,CR.AT.081.RAKU,205.7,401034,MITSURAKU tr?n A81,,100
2066,A82,MITSURAKU,Rubber V Belt MITSURAKU A82,CR.AT.082.RAKU,208.3,401034,MITSURAKU tr?n A82,,100
2067,A83,MITSURAKU,Rubber V Belt MITSURAKU A83,CR.AT.083.RAKU,210.8,401034,MITSURAKU tr?n A83,,100
2068,A84,MITSURAKU,Rubber V Belt MITSURAKU A84,CR.AT.084.RAKU,213.4,401034,MITSURAKU tr?n A84,,100
2069,A85,MITSURAKU,Rubber V Belt MITSURAKU A85,CR.AT.085.RAKU,215.9,401034,MITSURAKU tr?n A85,,100
2070,A86,MITSURAKU,Rubber V Belt MITSURAKU A86,CR.AT.086.RAKU,218.4,401034,MITSURAKU tr?n A86,,100
2071,A87,MITSURAKU,Rubber V Belt MITSURAKU A87,CR.AT.087.RAKU,221,401034,MITSURAKU tr?n A87,,100
2072,A88,MITSURAKU,Rubber V Belt MITSURAKU A88,CR.AT.088.RAKU,223.5,401034,MITSURAKU tr?n A88,,100
2073,A89,MITSURAKU,Rubber V Belt MITSURAKU A89,CR.AT.089.RAKU,226.1,401034,MITSURAKU tr?n A89,,100
2074,A90,MITSURAKU,Rubber V Belt MITSURAKU A90,CR.AT.090.RAKU,228.6,401034,MITSURAKU tr?n A90,,90
2075,A91,MITSURAKU,Rubber V Belt MITSURAKU A91,CR.AT.091.RAKU,231.1,401034,MITSURAKU tr?n A91,,90
2076,A92,MITSURAKU,Rubber V Belt MITSURAKU A92,CR.AT.092.RAKU,233.7,401034,MITSURAKU tr?n A92,,90
2077,A93,MITSURAKU,Rubber V Belt MITSURAKU A93,CR.AT.093.RAKU,236.2,401034,MITSURAKU tr?n A93,,90
2078,A94,MITSURAKU,Rubber V Belt MITSURAKU A94,CR.AT.094.RAKU,238.8,401034,MITSURAKU tr?n A94,,90
2079,A95,MITSURAKU,Rubber V Belt MITSURAKU A95,CR.AT.095.RAKU,241.3,401039,MITSURAKU tr?n A95,,90
2080,A96,MITSURAKU,Rubber V Belt MITSURAKU A96,CR.AT.096.RAKU,243.8,401039,MITSURAKU tr?n A96,,90
2081,A97,MITSURAKU,Rubber V Belt MITSURAKU A97,CR.AT.097.RAKU,246.4,401039,MITSURAKU tr?n A97,,90
2082,A98,MITSURAKU,Rubber V Belt MITSURAKU A98,CR.AT.098.RAKU,248.9,401039,MITSURAKU tr?n A98,,90
2083,A99,MITSURAKU,Rubber V Belt MITSURAKU A99,CR.AT.099.RAKU,251.5,401039,MITSURAKU tr?n A99,,90
2084,B100,MITSURAKU,Rubber V Belt MITSURAKU B100,CR.BT.100.RAKU,254,401039,MITSURAKU tr?n B100,,40
2085,B101,MITSURAKU,Rubber V Belt MITSURAKU B101,CR.BT.101.RAKU,256.5,401039,MITSURAKU tr?n B101,,40
2086,B102,MITSURAKU,Rubber V Belt MITSURAKU B102,CR.BT.102.RAKU,259.1,401039,MITSURAKU tr?n B102,,40
2087,B103,MITSURAKU,Rubber V Belt MITSURAKU B103,CR.BT.103.RAKU,261.6,401039,MITSURAKU tr?n B103,,40
2088,B104,MITSURAKU,Rubber V Belt MITSURAKU B104,CR.BT.104.RAKU,264.2,401039,MITSURAKU tr?n B104,,40
2089,B105,MITSURAKU,Rubber V Belt MITSURAKU B105,CR.BT.105.RAKU,266.7,401039,MITSURAKU tr?n B105,,40
2090,B106,MITSURAKU,Rubber V Belt MITSURAKU B106,CR.BT.106.RAKU,269.2,401039,MITSURAKU tr?n B106,,40
2091,B107,MITSURAKU,Rubber V Belt MITSURAKU B107,CR.BT.107.RAKU,271.8,401039,MITSURAKU tr?n B107,,40
2092,B108,MITSURAKU,Rubber V Belt MITSURAKU B108,CR.BT.108.RAKU,274.3,401039,MITSURAKU tr?n B108,,40
2093,B109,MITSURAKU,Rubber V Belt MITSURAKU B109,CR.BT.109.RAKU,276.9,401039,MITSURAKU tr?n B109,,40
2094,B110,MITSURAKU,Rubber V Belt MITSURAKU B110,CR.BT.110.RAKU,279.4,401039,MITSURAKU tr?n B110,,40
2095,B111,MITSURAKU,Rubber V Belt MITSURAKU B111,CR.BT.111.RAKU,281.9,401039,MITSURAKU tr?n B111,,40
2096,B112,MITSURAKU,Rubber V Belt MITSURAKU B112,CR.BT.112.RAKU,284.5,401039,MITSURAKU tr?n B112,,40
2097,B113,MITSURAKU,Rubber V Belt MITSURAKU B113,CR.BT.113.RAKU,287,401039,MITSURAKU tr?n B113,,40
2098,B114,MITSURAKU,Rubber V Belt MITSURAKU B114,CR.BT.114.RAKU,289.6,401039,MITSURAKU tr?n B114,,40
2099,B115,MITSURAKU,Rubber V Belt MITSURAKU B115,CR.BT.115.RAKU,292.1,401039,MITSURAKU tr?n B115,,40
2100,B116,MITSURAKU,Rubber V Belt MITSURAKU B116,CR.BT.116.RAKU,294.6,401039,MITSURAKU tr?n B116,,40
2101,B117,MITSURAKU,Rubber V Belt MITSURAKU B117,CR.BT.117.RAKU,297.2,401039,MITSURAKU tr?n B117,,40
2102,B118,MITSURAKU,Rubber V Belt MITSURAKU B118,CR.BT.118.RAKU,299.7,401039,MITSURAKU tr?n B118,,40
2103,B119,MITSURAKU,Rubber V Belt MITSURAKU B119,CR.BT.119.RAKU,302.3,401039,MITSURAKU tr?n B119,,40
2104,B120,MITSURAKU,Rubber V Belt MITSURAKU B120,CR.BT.120.RAKU,304.8,401039,MITSURAKU tr?n B120,,40
2105,B121,MITSURAKU,Rubber V Belt MITSURAKU B121,CR.BT.121.RAKU,307.3,401039,MITSURAKU tr?n B121,,40
2106,B122,MITSURAKU,Rubber V Belt MITSURAKU B122,CR.BT.122.RAKU,309.9,401039,MITSURAKU tr?n B122,,40
2107,B123,MITSURAKU,Rubber V Belt MITSURAKU B123,CR.BT.123.RAKU,312.4,401039,MITSURAKU tr?n B123,,40
2108,B124,MITSURAKU,Rubber V Belt MITSURAKU B124,CR.BT.124.RAKU,315,401039,MITSURAKU tr?n B124,,40
2109,B125,MITSURAKU,Rubber V Belt MITSURAKU B125,CR.BT.125.RAKU,317.5,401039,MITSURAKU tr?n B125,,40
2110,B126,MITSURAKU,Rubber V Belt MITSURAKU B126,CR.BT.126.RAKU,320,401039,MITSURAKU tr?n B126,,40
2111,B127,MITSURAKU,Rubber V Belt MITSURAKU B127,CR.BT.127.RAKU,322.6,401039,MITSURAKU tr?n B127,,40
2112,B128,MITSURAKU,Rubber V Belt MITSURAKU B128,CR.BT.128.RAKU,325.1,401039,MITSURAKU tr?n B128,,40
2113,B129,MITSURAKU,Rubber V Belt MITSURAKU B129,CR.BT.129.RAKU,327.7,401039,MITSURAKU tr?n B129,,40
2114,B130,MITSURAKU,Rubber V Belt MITSURAKU B130,CR.BT.130.RAKU,330.2,401039,MITSURAKU tr?n B130,,40
2115,B131,MITSURAKU,Rubber V Belt MITSURAKU B131,CR.BT.131.RAKU,332.7,401039,MITSURAKU tr?n B131,,35
2116,B132,MITSURAKU,Rubber V Belt MITSURAKU B132,CR.BT.132.RAKU,335.3,401039,MITSURAKU tr?n B132,,35
2117,B133,MITSURAKU,Rubber V Belt MITSURAKU B133,CR.BT.133.RAKU,337.8,401039,MITSURAKU tr?n B133,,35
2118,B134,MITSURAKU,Rubber V Belt MITSURAKU B134,CR.BT.134.RAKU,340.4,401039,MITSURAKU tr?n B134,,35
2119,B135,MITSURAKU,Rubber V Belt MITSURAKU B135,CR.BT.135.RAKU,342.9,401039,MITSURAKU tr?n B135,,35
2120,B136,MITSURAKU,Rubber V Belt MITSURAKU B136,CR.BT.136.RAKU,345.4,401039,MITSURAKU tr?n B136,,35
2121,B137,MITSURAKU,Rubber V Belt MITSURAKU B137,CR.BT.137.RAKU,348,401039,MITSURAKU tr?n B137,,35
2122,B138,MITSURAKU,Rubber V Belt MITSURAKU B138,CR.BT.138.RAKU,350.5,401039,MITSURAKU tr?n B138,,35
2123,B139,MITSURAKU,Rubber V Belt MITSURAKU B139,CR.BT.139.RAKU,353.1,401039,MITSURAKU tr?n B139,,35
2124,B140,MITSURAKU,Rubber V Belt MITSURAKU B140,CR.BT.140.RAKU,355.6,401039,MITSURAKU tr?n B140,,35
2125,B141,MITSURAKU,Rubber V Belt MITSURAKU B141,CR.BT.141.RAKU,358.1,401039,MITSURAKU tr?n B141,,35
2126,B142,MITSURAKU,Rubber V Belt MITSURAKU B142,CR.BT.142.RAKU,360.7,401039,MITSURAKU tr?n B142,,30
2127,B143,MITSURAKU,Rubber V Belt MITSURAKU B143,CR.BT.143.RAKU,363.2,401039,MITSURAKU tr?n B143,,30
2128,B144,MITSURAKU,Rubber V Belt MITSURAKU B144,CR.BT.144.RAKU,365.8,401039,MITSURAKU tr?n B144,,30
2129,B145,MITSURAKU,Rubber V Belt MITSURAKU B145,CR.BT.145.RAKU,368.3,401039,MITSURAKU tr?n B145,,30
2130,B146,MITSURAKU,Rubber V Belt MITSURAKU B146,CR.BT.146.RAKU,370.8,401039,MITSURAKU tr?n B146,,30
2131,B147,MITSURAKU,Rubber V Belt MITSURAKU B147,CR.BT.147.RAKU,373.4,401039,MITSURAKU tr?n B147,,30
2132,B148,MITSURAKU,Rubber V Belt MITSURAKU B148,CR.BT.148.RAKU,375.9,401039,MITSURAKU tr?n B148,,30
2133,B149,MITSURAKU,Rubber V Belt MITSURAKU B149,CR.BT.149.RAKU,378.5,401039,MITSURAKU tr?n B149,,30
2134,B150,MITSURAKU,Rubber V Belt MITSURAKU B150,CR.BT.150.RAKU,381,401039,MITSURAKU tr?n B150,,30
2135,B151,MITSURAKU,Rubber V Belt MITSURAKU B151,CR.BT.151.RAKU,383.5,401039,MITSURAKU tr?n B151,,30
2136,B152,MITSURAKU,Rubber V Belt MITSURAKU B152,CR.BT.152.RAKU,386.1,401039,MITSURAKU tr?n B152,,30
2137,B153,MITSURAKU,Rubber V Belt MITSURAKU B153,CR.BT.153.RAKU,388.6,401039,MITSURAKU tr?n B153,,30
2138,B154,MITSURAKU,Rubber V Belt MITSURAKU B154,CR.BT.154.RAKU,391.2,401039,MITSURAKU tr?n B154,,30
2139,B155,MITSURAKU,Rubber V Belt MITSURAKU B155,CR.BT.155.RAKU,393.7,401039,MITSURAKU tr?n B155,,30
2140,B156,MITSURAKU,Rubber V Belt MITSURAKU B156,CR.BT.156.RAKU,396.2,401039,MITSURAKU tr?n B156,,30
2141,B157,MITSURAKU,Rubber V Belt MITSURAKU B157,CR.BT.157.RAKU,398.8,401039,MITSURAKU tr?n B157,,30
2142,B158,MITSURAKU,Rubber V Belt MITSURAKU B158,CR.BT.158.RAKU,401.3,401039,MITSURAKU tr?n B158,,30
2143,B159,MITSURAKU,Rubber V Belt MITSURAKU B159,CR.BT.159.RAKU,403.9,401039,MITSURAKU tr?n B159,,30
2144,B160,MITSURAKU,Rubber V Belt MITSURAKU B160,CR.BT.160.RAKU,406.4,401039,MITSURAKU tr?n B160,,30
2145,B161,MITSURAKU,Rubber V Belt MITSURAKU B161,CR.BT.161.RAKU,408.9,401039,MITSURAKU tr?n B161,,30
2146,B162,MITSURAKU,Rubber V Belt MITSURAKU B162,CR.BT.162.RAKU,411.5,401039,MITSURAKU tr?n B162,,30
2147,B163,MITSURAKU,Rubber V Belt MITSURAKU B163,CR.BT.163.RAKU,414,401039,MITSURAKU tr?n B163,,30
2148,B164,MITSURAKU,Rubber V Belt MITSURAKU B164,CR.BT.164.RAKU,416.6,401039,MITSURAKU tr?n B164,,30
2149,B165,MITSURAKU,Rubber V Belt MITSURAKU B165,CR.BT.165.RAKU,419.1,401039,MITSURAKU tr?n B165,,30
2150,B166,MITSURAKU,Rubber V Belt MITSURAKU B166,CR.BT.166.RAKU,421.6,401039,MITSURAKU tr?n B166,,30
2151,B167,MITSURAKU,Rubber V Belt MITSURAKU B167,CR.BT.167.RAKU,424.2,401039,MITSURAKU tr?n B167,,30
2152,B168,MITSURAKU,Rubber V Belt MITSURAKU B168,CR.BT.168.RAKU,426.7,401039,MITSURAKU tr?n B168,,30
2153,B169,MITSURAKU,Rubber V Belt MITSURAKU B169,CR.BT.169.RAKU,429.3,401039,MITSURAKU tr?n B169,,30
2154,B170,MITSURAKU,Rubber V Belt MITSURAKU B170,CR.BT.170.RAKU,431.8,401039,MITSURAKU tr?n B170,,25
2155,B171,MITSURAKU,Rubber V Belt MITSURAKU B171,CR.BT.171.RAKU,434.3,401039,MITSURAKU tr?n B171,,25
2156,B172,MITSURAKU,Rubber V Belt MITSURAKU B172,CR.BT.172.RAKU,436.9,401039,MITSURAKU tr?n B172,,25
2157,B173,MITSURAKU,Rubber V Belt MITSURAKU B173,CR.BT.173.RAKU,439.4,401039,MITSURAKU tr?n B173,,25
2158,B174,MITSURAKU,Rubber V Belt MITSURAKU B174,CR.BT.174.RAKU,442,401039,MITSURAKU tr?n B174,,25
2159,B175,MITSURAKU,Rubber V Belt MITSURAKU B175,CR.BT.175.RAKU,444.5,401039,MITSURAKU tr?n B175,,25
2160,B176,MITSURAKU,Rubber V Belt MITSURAKU B176,CR.BT.176.RAKU,447,401039,MITSURAKU tr?n B176,,25
2161,B177,MITSURAKU,Rubber V Belt MITSURAKU B177,CR.BT.177.RAKU,449.6,401039,MITSURAKU tr?n B177,,25
2162,B178,MITSURAKU,Rubber V Belt MITSURAKU B178,CR.BT.178.RAKU,452.1,401039,MITSURAKU tr?n B178,,25
2163,B179,MITSURAKU,Rubber V Belt MITSURAKU B179,CR.BT.179.RAKU,454.7,401039,MITSURAKU tr?n B179,,25
2164,B180,MITSURAKU,Rubber V Belt MITSURAKU B180,CR.BT.180.RAKU,457.2,401039,MITSURAKU tr?n B180,,25
2165,B20,MITSURAKU,Rubber V Belt MITSURAKU B20,CR.BT.020.RAKU,50.8,401039,MITSURAKU tr?n B20,,150
2166,B21,MITSURAKU,Rubber V Belt MITSURAKU B21,CR.BT.021.RAKU,53.3,401039,MITSURAKU tr?n B21,,150
2167,B22,MITSURAKU,Rubber V Belt MITSURAKU B22,CR.BT.022.RAKU,55.9,401039,MITSURAKU tr?n B22,,150
2168,B23,MITSURAKU,Rubber V Belt MITSURAKU B23,CR.BT.023.RAKU,58.4,401039,MITSURAKU tr?n B23,,150
2169,B24,MITSURAKU,Rubber V Belt MITSURAKU B24,CR.BT.024.RAKU,61,401032,MITSURAKU tr?n B24,,150
2170,B25,MITSURAKU,Rubber V Belt MITSURAKU B25,CR.BT.025.RAKU,63.5,401032,MITSURAKU tr?n B25,,150
2171,B26,MITSURAKU,Rubber V Belt MITSURAKU B26,CR.BT.026.RAKU,66,401032,MITSURAKU tr?n B26,,150
2172,B27,MITSURAKU,Rubber V Belt MITSURAKU B27,CR.BT.027.RAKU,68.6,401032,MITSURAKU tr?n B27,,150
2173,B28,MITSURAKU,Rubber V Belt MITSURAKU B28,CR.BT.028.RAKU,71.1,401032,MITSURAKU tr?n B28,,125
2174,B29,MITSURAKU,Rubber V Belt MITSURAKU B29,CR.BT.029.RAKU,73.7,401032,MITSURAKU tr?n B29,,125
2175,B30,MITSURAKU,Rubber V Belt MITSURAKU B30,CR.BT.030.RAKU,76.2,401032,MITSURAKU tr?n B30,,125
2176,B31,MITSURAKU,Rubber V Belt MITSURAKU B31,CR.BT.031.RAKU,78.7,401032,MITSURAKU tr?n B31,,125
2177,B32,MITSURAKU,Rubber V Belt MITSURAKU B32,CR.BT.032.RAKU,81.3,401032,MITSURAKU tr?n B32,,125
2178,B33,MITSURAKU,Rubber V Belt MITSURAKU B33,CR.BT.033.RAKU,83.8,401032,MITSURAKU tr?n B33,,125
2179,B34,MITSURAKU,Rubber V Belt MITSURAKU B34,CR.BT.034.RAKU,86.4,401032,MITSURAKU tr?n B34,,125
2180,B35,MITSURAKU,Rubber V Belt MITSURAKU B35,CR.BT.035.RAKU,88.9,401032,MITSURAKU tr?n B35,,100
2181,B36,MITSURAKU,Rubber V Belt MITSURAKU B36,CR.BT.036.RAKU,91.4,401032,MITSURAKU tr?n B36,,100
2182,B37,MITSURAKU,Rubber V Belt MITSURAKU B37,CR.BT.037.RAKU,94,401032,MITSURAKU tr?n B37,,100
2183,B38,MITSURAKU,Rubber V Belt MITSURAKU B38,CR.BT.038.RAKU,96.5,401032,MITSURAKU tr?n B38,,100
2184,B39,MITSURAKU,Rubber V Belt MITSURAKU B39,CR.BT.039.RAKU,99.1,401032,MITSURAKU tr?n B39,,100
2185,B40,MITSURAKU,Rubber V Belt MITSURAKU B40,CR.BT.040.RAKU,101.6,401032,MITSURAKU tr?n B40,,100
2186,B41,MITSURAKU,Rubber V Belt MITSURAKU B41,CR.BT.041.RAKU,104.1,401032,MITSURAKU tr?n B41,,100
2187,B42,MITSURAKU,Rubber V Belt MITSURAKU B42,CR.BT.042.RAKU,106.7,401032,MITSURAKU tr?n B42,,100
2188,B43,MITSURAKU,Rubber V Belt MITSURAKU B43,CR.BT.043.RAKU,109.2,401032,MITSURAKU tr?n B43,,100
2189,B44,MITSURAKU,Rubber V Belt MITSURAKU B44,CR.BT.044.RAKU,111.8,401032,MITSURAKU tr?n B44,,100
2190,B45,MITSURAKU,Rubber V Belt MITSURAKU B45,CR.BT.045.RAKU,114.3,401032,MITSURAKU tr?n B45,,100
2191,B46,MITSURAKU,Rubber V Belt MITSURAKU B46,CR.BT.046.RAKU,116.8,401032,MITSURAKU tr?n B46,,100
2192,B47,MITSURAKU,Rubber V Belt MITSURAKU B47,CR.BT.047.RAKU,119.4,401032,MITSURAKU tr?n B47,,100
2193,B48,MITSURAKU,Rubber V Belt MITSURAKU B48,CR.BT.048.RAKU,121.9,401032,MITSURAKU tr?n B48,,100
2194,B49,MITSURAKU,Rubber V Belt MITSURAKU B49,CR.BT.049.RAKU,124.5,401032,MITSURAKU tr?n B49,,100
2195,B50,MITSURAKU,Rubber V Belt MITSURAKU B50,CR.BT.050.RAKU,127,401032,MITSURAKU tr?n B50,,90
2196,B51,MITSURAKU,Rubber V Belt MITSURAKU B51,CR.BT.051.RAKU,129.5,401032,MITSURAKU tr?n B51,,90
2197,B52,MITSURAKU,Rubber V Belt MITSURAKU B52,CR.BT.052.RAKU,132.1,401032,MITSURAKU tr?n B52,,90
2198,B53,MITSURAKU,Rubber V Belt MITSURAKU B53,CR.BT.053.RAKU,134.6,401032,MITSURAKU tr?n B53,,90
2199,B54,MITSURAKU,Rubber V Belt MITSURAKU B54,CR.BT.054.RAKU,137.2,401032,MITSURAKU tr?n B54,,90
2200,B55,MITSURAKU,Rubber V Belt MITSURAKU B55,CR.BT.055.RAKU,139.7,401032,MITSURAKU tr?n B55,,90
2201,B56,MITSURAKU,Rubber V Belt MITSURAKU B56,CR.BT.056.RAKU,142.2,401032,MITSURAKU tr?n B56,,80
2202,B57,MITSURAKU,Rubber V Belt MITSURAKU B57,CR.BT.057.RAKU,144.8,401032,MITSURAKU tr?n B57,,80
2203,B58,MITSURAKU,Rubber V Belt MITSURAKU B58,CR.BT.058.RAKU,147.3,401032,MITSURAKU tr?n B58,,80
2204,B59,MITSURAKU,Rubber V Belt MITSURAKU B59,CR.BT.059.RAKU,149.9,401032,MITSURAKU tr?n B59,,80
2205,B60,MITSURAKU,Rubber V Belt MITSURAKU B60,CR.BT.060.RAKU,152.4,401032,MITSURAKU tr?n B60,,80
2206,B61,MITSURAKU,Rubber V Belt MITSURAKU B61,CR.BT.061.RAKU,154.9,401032,MITSURAKU tr?n B61,,70
2207,B62,MITSURAKU,Rubber V Belt MITSURAKU B62,CR.BT.062.RAKU,157.5,401032,MITSURAKU tr?n B62,,70
2208,B63,MITSURAKU,Rubber V Belt MITSURAKU B63,CR.BT.063.RAKU,160,401032,MITSURAKU tr?n B63,,70
2209,B64,MITSURAKU,Rubber V Belt MITSURAKU B64,CR.BT.064.RAKU,162.6,401032,MITSURAKU tr?n B64,,70
2210,B65,MITSURAKU,Rubber V Belt MITSURAKU B65,CR.BT.065.RAKU,165.1,401032,MITSURAKU tr?n B65,,70
2211,B66,MITSURAKU,Rubber V Belt MITSURAKU B66,CR.BT.066.RAKU,167.6,401032,MITSURAKU tr?n B66,,60
2212,B67,MITSURAKU,Rubber V Belt MITSURAKU B67,CR.BT.067.RAKU,170.2,401032,MITSURAKU tr?n B67,,60
2213,B68,MITSURAKU,Rubber V Belt MITSURAKU B68,CR.BT.068.RAKU,172.7,401032,MITSURAKU tr?n B68,,60
2214,B69,MITSURAKU,Rubber V Belt MITSURAKU B69,CR.BT.069.RAKU,175.3,401032,MITSURAKU tr?n B69,,60
2215,B70,MITSURAKU,Rubber V Belt MITSURAKU B70,CR.BT.070.RAKU,177.8,401032,MITSURAKU tr?n B70,,60
2216,B71,MITSURAKU,Rubber V Belt MITSURAKU B71,CR.BT.071.RAKU,180.3,401034,MITSURAKU tr?n B71,,60
2217,B72,MITSURAKU,Rubber V Belt MITSURAKU B72,CR.BT.072.RAKU,182.9,401034,MITSURAKU tr?n B72,,60
2218,B73,MITSURAKU,Rubber V Belt MITSURAKU B73,CR.BT.073.RAKU,185.4,401034,MITSURAKU tr?n B73,,60
2219,B74,MITSURAKU,Rubber V Belt MITSURAKU B74,CR.BT.074.RAKU,188,401034,MITSURAKU tr?n B74,,60
2220,B75,MITSURAKU,Rubber V Belt MITSURAKU B75,CR.BT.075.RAKU,190.5,401034,MITSURAKU tr?n B75,,60
2221,B76,MITSURAKU,Rubber V Belt MITSURAKU B76,CR.BT.076.RAKU,193,401034,MITSURAKU tr?n B76,,60
2222,B77,MITSURAKU,Rubber V Belt MITSURAKU B77,CR.BT.077.RAKU,195.6,401034,MITSURAKU tr?n B77,,60
2223,B78,MITSURAKU,Rubber V Belt MITSURAKU B78,CR.BT.078.RAKU,198.1,401034,MITSURAKU tr?n B78,,60
2224,B79,MITSURAKU,Rubber V Belt MITSURAKU B79,CR.BT.079.RAKU,200.7,401034,MITSURAKU tr?n B79,,50
2225,B80,MITSURAKU,Rubber V Belt MITSURAKU B80,CR.BT.080.RAKU,203.2,401034,MITSURAKU tr?n B80,,50
2226,B81,MITSURAKU,Rubber V Belt MITSURAKU B81,CR.BT.081.RAKU,205.7,401034,MITSURAKU tr?n B81,,50
2227,B82,MITSURAKU,Rubber V Belt MITSURAKU B82,CR.BT.082.RAKU,208.3,401034,MITSURAKU tr?n B82,,50
2228,B83,MITSURAKU,Rubber V Belt MITSURAKU B83,CR.BT.083.RAKU,210.8,401034,MITSURAKU tr?n B83,,50
2229,B84,MITSURAKU,Rubber V Belt MITSURAKU B84,CR.BT.084.RAKU,213.4,401034,MITSURAKU tr?n B84,,50
2230,B85,MITSURAKU,Rubber V Belt MITSURAKU B85,CR.BT.085.RAKU,215.9,401034,MITSURAKU tr?n B85,,50
2231,B86,MITSURAKU,Rubber V Belt MITSURAKU B86,CR.BT.086.RAKU,218.4,401034,MITSURAKU tr?n B86,,50
2232,B87,MITSURAKU,Rubber V Belt MITSURAKU B87,CR.BT.087.RAKU,221,401034,MITSURAKU tr?n B87,,50
2233,B88,MITSURAKU,Rubber V Belt MITSURAKU B88,CR.BT.088.RAKU,223.5,401034,MITSURAKU tr?n B88,,50
2234,B89,MITSURAKU,Rubber V Belt MITSURAKU B89,CR.BT.089.RAKU,226.1,401034,MITSURAKU tr?n B89,,40
2235,B90,MITSURAKU,Rubber V Belt MITSURAKU B90,CR.BT.090.RAKU,228.6,401034,MITSURAKU tr?n B90,,40
2236,B91,MITSURAKU,Rubber V Belt MITSURAKU B91,CR.BT.091.RAKU,231.1,401034,MITSURAKU tr?n B91,,40
2237,B92,MITSURAKU,Rubber V Belt MITSURAKU B92,CR.BT.092.RAKU,233.7,401034,MITSURAKU tr?n B92,,40
2238,B93,MITSURAKU,Rubber V Belt MITSURAKU B93,CR.BT.093.RAKU,236.2,401034,MITSURAKU tr?n B93,,40
2239,B94,MITSURAKU,Rubber V Belt MITSURAKU B94,CR.BT.094.RAKU,238.8,401034,MITSURAKU tr?n B94,,40
2240,B95,MITSURAKU,Rubber V Belt MITSURAKU B95,CR.BT.095.RAKU,241.3,401039,MITSURAKU tr?n B95,,40
2241,B96,MITSURAKU,Rubber V Belt MITSURAKU B96,CR.BT.096.RAKU,243.8,401039,MITSURAKU tr?n B96,,40
2242,B97,MITSURAKU,Rubber V Belt MITSURAKU B97,CR.BT.097.RAKU,246.4,401039,MITSURAKU tr?n B97,,40
2243,B98,MITSURAKU,Rubber V Belt MITSURAKU B98,CR.BT.098.RAKU,248.9,401039,MITSURAKU tr?n B98,,40
2244,B99,MITSURAKU,Rubber V Belt MITSURAKU B99,CR.BT.099.RAKU,251.5,401039,MITSURAKU tr?n B99,,40
2245,C100,MITSURAKU,Rubber V Belt MITSURAKU C100,CR.CT.100.RAKU,254,401039,MITSURAKU tr?n C100,,25
2246,C101,MITSURAKU,Rubber V Belt MITSURAKU C101,CR.CT.101.RAKU,256.5,401039,MITSURAKU tr?n C101,,25
2247,C102,MITSURAKU,Rubber V Belt MITSURAKU C102,CR.CT.102.RAKU,259.1,401039,MITSURAKU tr?n C102,,25
2248,C103,MITSURAKU,Rubber V Belt MITSURAKU C103,CR.CT.103.RAKU,261.6,401039,MITSURAKU tr?n C103,,25
2249,C104,MITSURAKU,Rubber V Belt MITSURAKU C104,CR.CT.104.RAKU,264.2,401039,MITSURAKU tr?n C104,,25
2250,C105,MITSURAKU,Rubber V Belt MITSURAKU C105,CR.CT.105.RAKU,266.7,401039,MITSURAKU tr?n C105,,25
2251,C106,MITSURAKU,Rubber V Belt MITSURAKU C106,CR.CT.106.RAKU,269.2,401039,MITSURAKU tr?n C106,,25
2252,C107,MITSURAKU,Rubber V Belt MITSURAKU C107,CR.CT.107.RAKU,271.8,401039,MITSURAKU tr?n C107,,25
2253,C108,MITSURAKU,Rubber V Belt MITSURAKU C108,CR.CT.108.RAKU,274.3,401039,MITSURAKU tr?n C108,,25
2254,C109,MITSURAKU,Rubber V Belt MITSURAKU C109,CR.CT.109.RAKU,276.9,401039,MITSURAKU tr?n C109,,25
2255,C110,MITSURAKU,Rubber V Belt MITSURAKU C110,CR.CT.110.RAKU,279.4,401039,MITSURAKU tr?n C110,,25
2256,C111,MITSURAKU,Rubber V Belt MITSURAKU C111,CR.CT.111.RAKU,281.9,401039,MITSURAKU tr?n C111,,20
2257,C112,MITSURAKU,Rubber V Belt MITSURAKU C112,CR.CT.112.RAKU,284.5,401039,MITSURAKU tr?n C112,,20
2258,C113,MITSURAKU,Rubber V Belt MITSURAKU C113,CR.CT.113.RAKU,287,401039,MITSURAKU tr?n C113,,20
2259,C114,MITSURAKU,Rubber V Belt MITSURAKU C114,CR.CT.114.RAKU,289.6,401039,MITSURAKU tr?n C114,,20
2260,C115,MITSURAKU,Rubber V Belt MITSURAKU C115,CR.CT.115.RAKU,292.1,401039,MITSURAKU tr?n C115,,20
2261,C116,MITSURAKU,Rubber V Belt MITSURAKU C116,CR.CT.116.RAKU,294.6,401039,MITSURAKU tr?n C116,,20
2262,C117,MITSURAKU,Rubber V Belt MITSURAKU C117,CR.CT.117.RAKU,297.2,401039,MITSURAKU tr?n C117,,20
2263,C118,MITSURAKU,Rubber V Belt MITSURAKU C118,CR.CT.118.RAKU,299.7,401039,MITSURAKU tr?n C118,,20
2264,C119,MITSURAKU,Rubber V Belt MITSURAKU C119,CR.CT.119.RAKU,302.3,401039,MITSURAKU tr?n C119,,20
2265,C120,MITSURAKU,Rubber V Belt MITSURAKU C120,CR.CT.120.RAKU,304.8,401039,MITSURAKU tr?n C120,,20
2266,C121,MITSURAKU,Rubber V Belt MITSURAKU C121,CR.CT.121.RAKU,307.3,401039,MITSURAKU tr?n C121,,20
2267,C122,MITSURAKU,Rubber V Belt MITSURAKU C122,CR.CT.122.RAKU,309.9,401039,MITSURAKU tr?n C122,,20
2268,C123,MITSURAKU,Rubber V Belt MITSURAKU C123,CR.CT.123.RAKU,312.4,401039,MITSURAKU tr?n C123,,20
2269,C124,MITSURAKU,Rubber V Belt MITSURAKU C124,CR.CT.124.RAKU,315,401039,MITSURAKU tr?n C124,,20
2270,C125,MITSURAKU,Rubber V Belt MITSURAKU C125,CR.CT.125.RAKU,317.5,401039,MITSURAKU tr?n C125,,20
2271,C126,MITSURAKU,Rubber V Belt MITSURAKU C126,CR.CT.126.RAKU,320,401039,MITSURAKU tr?n C126,,20
2272,C127,MITSURAKU,Rubber V Belt MITSURAKU C127,CR.CT.127.RAKU,322.6,401039,MITSURAKU tr?n C127,,20
2273,C128,MITSURAKU,Rubber V Belt MITSURAKU C128,CR.CT.128.RAKU,325.1,401039,MITSURAKU tr?n C128,,20
2274,C129,MITSURAKU,Rubber V Belt MITSURAKU C129,CR.CT.129.RAKU,327.7,401039,MITSURAKU tr?n C129,,20
2275,C130,MITSURAKU,Rubber V Belt MITSURAKU C130,CR.CT.130.RAKU,330.2,401039,MITSURAKU tr?n C130,,20
2276,C131,MITSURAKU,Rubber V Belt MITSURAKU C131,CR.CT.131.RAKU,332.7,401039,MITSURAKU tr?n C131,,20
2277,C132,MITSURAKU,Rubber V Belt MITSURAKU C132,CR.CT.132.RAKU,335.3,401039,MITSURAKU tr?n C132,,20
2278,C133,MITSURAKU,Rubber V Belt MITSURAKU C133,CR.CT.133.RAKU,337.8,401039,MITSURAKU tr?n C133,,20
2279,C134,MITSURAKU,Rubber V Belt MITSURAKU C134,CR.CT.134.RAKU,340.4,401039,MITSURAKU tr?n C134,,20
2280,C135,MITSURAKU,Rubber V Belt MITSURAKU C135,CR.CT.135.RAKU,342.9,401039,MITSURAKU tr?n C135,,20
2281,C136,MITSURAKU,Rubber V Belt MITSURAKU C136,CR.CT.136.RAKU,345.4,401039,MITSURAKU tr?n C136,,18
2282,C137,MITSURAKU,Rubber V Belt MITSURAKU C137,CR.CT.137.RAKU,348,401039,MITSURAKU tr?n C137,,18
2283,C138,MITSURAKU,Rubber V Belt MITSURAKU C138,CR.CT.138.RAKU,350.5,401039,MITSURAKU tr?n C138,,18
2284,C139,MITSURAKU,Rubber V Belt MITSURAKU C139,CR.CT.139.RAKU,353.1,401039,MITSURAKU tr?n C139,,18
2285,C140,MITSURAKU,Rubber V Belt MITSURAKU C140,CR.CT.140.RAKU,355.6,401039,MITSURAKU tr?n C140,,18
2286,C141,MITSURAKU,Rubber V Belt MITSURAKU C141,CR.CT.141.RAKU,358.1,401039,MITSURAKU tr?n C141,,18
2287,C142,MITSURAKU,Rubber V Belt MITSURAKU C142,CR.CT.142.RAKU,360.7,401039,MITSURAKU tr?n C142,,18
2288,C143,MITSURAKU,Rubber V Belt MITSURAKU C143,CR.CT.143.RAKU,363.2,401039,MITSURAKU tr?n C143,,18
2289,C144,MITSURAKU,Rubber V Belt MITSURAKU C144,CR.CT.144.RAKU,365.8,401039,MITSURAKU tr?n C144,,18
2290,C145,MITSURAKU,Rubber V Belt MITSURAKU C145,CR.CT.145.RAKU,368.3,401039,MITSURAKU tr?n C145,,18
2291,C146,MITSURAKU,Rubber V Belt MITSURAKU C146,CR.CT.146.RAKU,370.8,401039,MITSURAKU tr?n C146,,18
2292,C147,MITSURAKU,Rubber V Belt MITSURAKU C147,CR.CT.147.RAKU,373.4,401039,MITSURAKU tr?n C147,,18
2293,C148,MITSURAKU,Rubber V Belt MITSURAKU C148,CR.CT.148.RAKU,375.9,401039,MITSURAKU tr?n C148,,18
2294,C149,MITSURAKU,Rubber V Belt MITSURAKU C149,CR.CT.149.RAKU,378.5,401039,MITSURAKU tr?n C149,,18
2295,C150,MITSURAKU,Rubber V Belt MITSURAKU C150,CR.CT.150.RAKU,381,401039,MITSURAKU tr?n C150,,18
2296,C151,MITSURAKU,Rubber V Belt MITSURAKU C151,CR.CT.151.RAKU,383.5,401039,MITSURAKU tr?n C151,,18
2297,C152,MITSURAKU,Rubber V Belt MITSURAKU C152,CR.CT.152.RAKU,386.1,401039,MITSURAKU tr?n C152,,18
2298,C153,MITSURAKU,Rubber V Belt MITSURAKU C153,CR.CT.153.RAKU,388.6,401039,MITSURAKU tr?n C153,,18
2299,C154,MITSURAKU,Rubber V Belt MITSURAKU C154,CR.CT.154.RAKU,391.2,401039,MITSURAKU tr?n C154,,18
2300,C155,MITSURAKU,Rubber V Belt MITSURAKU C155,CR.CT.155.RAKU,393.7,401039,MITSURAKU tr?n C155,,18
2301,C156,MITSURAKU,Rubber V Belt MITSURAKU C156,CR.CT.156.RAKU,396.2,401039,MITSURAKU tr?n C156,,18
2302,C157,MITSURAKU,Rubber V Belt MITSURAKU C157,CR.CT.157.RAKU,398.8,401039,MITSURAKU tr?n C157,,18
2303,C158,MITSURAKU,Rubber V Belt MITSURAKU C158,CR.CT.158.RAKU,401.3,401039,MITSURAKU tr?n C158,,18
2304,C159,MITSURAKU,Rubber V Belt MITSURAKU C159,CR.CT.159.RAKU,403.9,401039,MITSURAKU tr?n C159,,18
2305,C160,MITSURAKU,Rubber V Belt MITSURAKU C160,CR.CT.160.RAKU,406.4,401039,MITSURAKU tr?n C160,,18
2306,C161,MITSURAKU,Rubber V Belt MITSURAKU C161,CR.CT.161.RAKU,408.9,401039,MITSURAKU tr?n C161,,15
2307,C162,MITSURAKU,Rubber V Belt MITSURAKU C162,CR.CT.162.RAKU,411.5,401039,MITSURAKU tr?n C162,,15
2308,C163,MITSURAKU,Rubber V Belt MITSURAKU C163,CR.CT.163.RAKU,414,401039,MITSURAKU tr?n C163,,15
2309,C164,MITSURAKU,Rubber V Belt MITSURAKU C164,CR.CT.164.RAKU,416.6,401039,MITSURAKU tr?n C164,,15
2310,C165,MITSURAKU,Rubber V Belt MITSURAKU C165,CR.CT.165.RAKU,419.1,401039,MITSURAKU tr?n C165,,15
2311,C166,MITSURAKU,Rubber V Belt MITSURAKU C166,CR.CT.166.RAKU,421.6,401039,MITSURAKU tr?n C166,,15
2312,C167,MITSURAKU,Rubber V Belt MITSURAKU C167,CR.CT.167.RAKU,424.2,401039,MITSURAKU tr?n C167,,15
2313,C168,MITSURAKU,Rubber V Belt MITSURAKU C168,CR.CT.168.RAKU,426.7,401039,MITSURAKU tr?n C168,,15
2314,C169,MITSURAKU,Rubber V Belt MITSURAKU C169,CR.CT.169.RAKU,429.3,401039,MITSURAKU tr?n C169,,15
2315,C170,MITSURAKU,Rubber V Belt MITSURAKU C170,CR.CT.170.RAKU,431.8,401039,MITSURAKU tr?n C170,,15
2316,C171,MITSURAKU,Rubber V Belt MITSURAKU C171,CR.CT.171.RAKU,434.3,401039,MITSURAKU tr?n C171,,15
2317,C172,MITSURAKU,Rubber V Belt MITSURAKU C172,CR.CT.172.RAKU,436.9,401039,MITSURAKU tr?n C172,,15
2318,C173,MITSURAKU,Rubber V Belt MITSURAKU C173,CR.CT.173.RAKU,439.4,401039,MITSURAKU tr?n C173,,15
2319,C174,MITSURAKU,Rubber V Belt MITSURAKU C174,CR.CT.174.RAKU,442,401039,MITSURAKU tr?n C174,,15
2320,C175,MITSURAKU,Rubber V Belt MITSURAKU C175,CR.CT.175.RAKU,444.5,401039,MITSURAKU tr?n C175,,15
2321,C176,MITSURAKU,Rubber V Belt MITSURAKU C176,CR.CT.176.RAKU,447,401039,MITSURAKU tr?n C176,,15
2322,C177,MITSURAKU,Rubber V Belt MITSURAKU C177,CR.CT.177.RAKU,449.6,401039,MITSURAKU tr?n C177,,15
2323,C178,MITSURAKU,Rubber V Belt MITSURAKU C178,CR.CT.178.RAKU,452.1,401039,MITSURAKU tr?n C178,,15
2324,C179,MITSURAKU,Rubber V Belt MITSURAKU C179,CR.CT.179.RAKU,454.7,401039,MITSURAKU tr?n C179,,15
2325,C180,MITSURAKU,Rubber V Belt MITSURAKU C180,CR.CT.180.RAKU,457.2,401039,MITSURAKU tr?n C180,,15
2326,C181,MITSURAKU,Rubber V Belt MITSURAKU C181,CR.CT.181.RAKU,459.7,401039,MITSURAKU tr?n C181,,15
2327,C182,MITSURAKU,Rubber V Belt MITSURAKU C182,CR.CT.182.RAKU,462.3,401039,MITSURAKU tr?n C182,,15
2328,C183,MITSURAKU,Rubber V Belt MITSURAKU C183,CR.CT.183.RAKU,464.8,401039,MITSURAKU tr?n C183,,15
2329,C184,MITSURAKU,Rubber V Belt MITSURAKU C184,CR.CT.184.RAKU,467.4,401039,MITSURAKU tr?n C184,,15
2330,C185,MITSURAKU,Rubber V Belt MITSURAKU C185,CR.CT.185.RAKU,469.9,401039,MITSURAKU tr?n C185,,15
2331,C186,MITSURAKU,Rubber V Belt MITSURAKU C186,CR.CT.186.RAKU,472.4,401039,MITSURAKU tr?n C186,,15
2332,C187,MITSURAKU,Rubber V Belt MITSURAKU C187,CR.CT.187.RAKU,475,401039,MITSURAKU tr?n C187,,15
2333,C188,MITSURAKU,Rubber V Belt MITSURAKU C188,CR.CT.188.RAKU,477.5,401039,MITSURAKU tr?n C188,,15
2334,C189,MITSURAKU,Rubber V Belt MITSURAKU C189,CR.CT.189.RAKU,480.1,401039,MITSURAKU tr?n C189,,15
2335,C190,MITSURAKU,Rubber V Belt MITSURAKU C190,CR.CT.190.RAKU,482.6,401039,MITSURAKU tr?n C190,,15
2336,C191,MITSURAKU,Rubber V Belt MITSURAKU C191,CR.CT.191.RAKU,485.1,401039,MITSURAKU tr?n C191,,15
2337,C192,MITSURAKU,Rubber V Belt MITSURAKU C192,CR.CT.192.RAKU,487.7,401039,MITSURAKU tr?n C192,,15
2338,C193,MITSURAKU,Rubber V Belt MITSURAKU C193,CR.CT.193.RAKU,490.2,401039,MITSURAKU tr?n C193,,15
2339,C194,MITSURAKU,Rubber V Belt MITSURAKU C194,CR.CT.194.RAKU,492.8,401039,MITSURAKU tr?n C194,,15
2340,C195,MITSURAKU,Rubber V Belt MITSURAKU C195,CR.CT.195.RAKU,495.3,401039,MITSURAKU tr?n C195,,15
2341,C196,MITSURAKU,Rubber V Belt MITSURAKU C196,CR.CT.196.RAKU,497.8,401039,MITSURAKU tr?n C196,,15
2342,C197,MITSURAKU,Rubber V Belt MITSURAKU C197,CR.CT.197.RAKU,500.4,401039,MITSURAKU tr?n C197,,15
2343,C198,MITSURAKU,Rubber V Belt MITSURAKU C198,CR.CT.198.RAKU,502.9,401039,MITSURAKU tr?n C198,,15
2344,C199,MITSURAKU,Rubber V Belt MITSURAKU C199,CR.CT.199.RAKU,505.5,401039,MITSURAKU tr?n C199,,15
2345,C200,MITSURAKU,Rubber V Belt MITSURAKU C200,CR.CT.200.RAKU,508,401039,MITSURAKU tr?n C200,,15
2346,C201,MITSURAKU,Rubber V Belt MITSURAKU C201,CR.CT.201.RAKU,510.5,401039,MITSURAKU tr?n C201,,10
2347,C202,MITSURAKU,Rubber V Belt MITSURAKU C202,CR.CT.202.RAKU,513.1,401039,MITSURAKU tr?n C202,,10
2348,C203,MITSURAKU,Rubber V Belt MITSURAKU C203,CR.CT.203.RAKU,515.6,401039,MITSURAKU tr?n C203,,10
2349,C204,MITSURAKU,Rubber V Belt MITSURAKU C204,CR.CT.204.RAKU,518.2,401039,MITSURAKU tr?n C204,,10
2350,C205,MITSURAKU,Rubber V Belt MITSURAKU C205,CR.CT.205.RAKU,520.7,401039,MITSURAKU tr?n C205,,10
2351,C206,MITSURAKU,Rubber V Belt MITSURAKU C206,CR.CT.206.RAKU,523.2,401039,MITSURAKU tr?n C206,,10
2352,C207,MITSURAKU,Rubber V Belt MITSURAKU C207,CR.CT.207.RAKU,525.8,401039,MITSURAKU tr?n C207,,10
2353,C208,MITSURAKU,Rubber V Belt MITSURAKU C208,CR.CT.208.RAKU,528.3,401039,MITSURAKU tr?n C208,,10
2354,C209,MITSURAKU,Rubber V Belt MITSURAKU C209,CR.CT.209.RAKU,530.9,401039,MITSURAKU tr?n C209,,10
2355,C210,MITSURAKU,Rubber V Belt MITSURAKU C210,CR.CT.210.RAKU,533.4,401039,MITSURAKU tr?n C210,,10
2356,C211,MITSURAKU,Rubber V Belt MITSURAKU C211,CR.CT.211.RAKU,535.9,401039,MITSURAKU tr?n C211,,10
2357,C212,MITSURAKU,Rubber V Belt MITSURAKU C212,CR.CT.212.RAKU,538.5,401039,MITSURAKU tr?n C212,,10
2358,C213,MITSURAKU,Rubber V Belt MITSURAKU C213,CR.CT.213.RAKU,541,401039,MITSURAKU tr?n C213,,10
2359,C214,MITSURAKU,Rubber V Belt MITSURAKU C214,CR.CT.214.RAKU,543.6,401039,MITSURAKU tr?n C214,,10
2360,C215,MITSURAKU,Rubber V Belt MITSURAKU C215,CR.CT.215.RAKU,546.1,401039,MITSURAKU tr?n C215,,10
2361,C216,MITSURAKU,Rubber V Belt MITSURAKU C216,CR.CT.216.RAKU,548.6,401039,MITSURAKU tr?n C216,,10
2362,C217,MITSURAKU,Rubber V Belt MITSURAKU C217,CR.CT.217.RAKU,551.2,401039,MITSURAKU tr?n C217,,10
2363,C218,MITSURAKU,Rubber V Belt MITSURAKU C218,CR.CT.218.RAKU,553.7,401039,MITSURAKU tr?n C218,,10
2364,C219,MITSURAKU,Rubber V Belt MITSURAKU C219,CR.CT.219.RAKU,556.3,401039,MITSURAKU tr?n C219,,10
2365,C220,MITSURAKU,Rubber V Belt MITSURAKU C220,CR.CT.220.RAKU,558.8,401039,MITSURAKU tr?n C220,,10
2366,C52,MITSURAKU,Rubber V Belt MITSURAKU C52,CR.CT.052.RAKU,132.1,401032,MITSURAKU tr?n C52,,40
2367,C60,MITSURAKU,Rubber V Belt MITSURAKU C60,CR.CT.060.RAKU,152.4,401032,MITSURAKU tr?n C60,,35
2368,C61,MITSURAKU,Rubber V Belt MITSURAKU C61,CR.CT.061.RAKU,154.9,401032,MITSURAKU tr?n C61,,35
2369,C62,MITSURAKU,Rubber V Belt MITSURAKU C62,CR.CT.062.RAKU,157.5,401032,MITSURAKU tr?n C62,,35
2370,C63,MITSURAKU,Rubber V Belt MITSURAKU C63,CR.CT.063.RAKU,160,401032,MITSURAKU tr?n C63,,35
2371,C64,MITSURAKU,Rubber V Belt MITSURAKU C64,CR.CT.064.RAKU,162.6,401032,MITSURAKU tr?n C64,,35
2372,C65,MITSURAKU,Rubber V Belt MITSURAKU C65,CR.CT.065.RAKU,165.1,401032,MITSURAKU tr?n C65,,35
2373,C66,MITSURAKU,Rubber V Belt MITSURAKU C66,CR.CT.066.RAKU,167.6,401032,MITSURAKU tr?n C66,,35
2374,C67,MITSURAKU,Rubber V Belt MITSURAKU C67,CR.CT.067.RAKU,170.2,401032,MITSURAKU tr?n C67,,35
2375,C68,MITSURAKU,Rubber V Belt MITSURAKU C68,CR.CT.068.RAKU,172.7,401032,MITSURAKU tr?n C68,,35
2376,C69,MITSURAKU,Rubber V Belt MITSURAKU C69,CR.CT.069.RAKU,175.3,401032,MITSURAKU tr?n C69,,35
2377,C70,MITSURAKU,Rubber V Belt MITSURAKU C70,CR.CT.070.RAKU,177.8,401032,MITSURAKU tr?n C70,,35
2378,C71,MITSURAKU,Rubber V Belt MITSURAKU C71,CR.CT.071.RAKU,180.3,401034,MITSURAKU tr?n C71,,35
2379,C72,MITSURAKU,Rubber V Belt MITSURAKU C72,CR.CT.072.RAKU,182.9,401034,MITSURAKU tr?n C72,,35
2380,C73,MITSURAKU,Rubber V Belt MITSURAKU C73,CR.CT.073.RAKU,185.4,401034,MITSURAKU tr?n C73,,35
2381,C74,MITSURAKU,Rubber V Belt MITSURAKU C74,CR.CT.074.RAKU,188,401034,MITSURAKU tr?n C74,,35
2382,C75,MITSURAKU,Rubber V Belt MITSURAKU C75,CR.CT.075.RAKU,190.5,401034,MITSURAKU tr?n C75,,35
2383,C76,MITSURAKU,Rubber V Belt MITSURAKU C76,CR.CT.076.RAKU,193,401034,MITSURAKU tr?n C76,,35
2384,C77,MITSURAKU,Rubber V Belt MITSURAKU C77,CR.CT.077.RAKU,195.6,401034,MITSURAKU tr?n C77,,35
2385,C78,MITSURAKU,Rubber V Belt MITSURAKU C78,CR.CT.078.RAKU,198.1,401034,MITSURAKU tr?n C78,,35
2386,C79,MITSURAKU,Rubber V Belt MITSURAKU C79,CR.CT.079.RAKU,200.7,401034,MITSURAKU tr?n C79,,35
2387,C80,MITSURAKU,Rubber V Belt MITSURAKU C80,CR.CT.080.RAKU,203.2,401034,MITSURAKU tr?n C80,,25
2388,C81,MITSURAKU,Rubber V Belt MITSURAKU C81,CR.CT.081.RAKU,205.7,401034,MITSURAKU tr?n C81,,25
2389,C82,MITSURAKU,Rubber V Belt MITSURAKU C82,CR.CT.082.RAKU,208.3,401034,MITSURAKU tr?n C82,,25
2390,C83,MITSURAKU,Rubber V Belt MITSURAKU C83,CR.CT.083.RAKU,210.8,401034,MITSURAKU tr?n C83,,25
2391,C84,MITSURAKU,Rubber V Belt MITSURAKU C84,CR.CT.084.RAKU,213.4,401034,MITSURAKU tr?n C84,,25
2392,C85,MITSURAKU,Rubber V Belt MITSURAKU C85,CR.CT.085.RAKU,215.9,401034,MITSURAKU tr?n C85,,25
2393,C86,MITSURAKU,Rubber V Belt MITSURAKU C86,CR.CT.086.RAKU,218.4,401034,MITSURAKU tr?n C86,,25
2394,C87,MITSURAKU,Rubber V Belt MITSURAKU C87,CR.CT.087.RAKU,221,401034,MITSURAKU tr?n C87,,25
2395,C88,MITSURAKU,Rubber V Belt MITSURAKU C88,CR.CT.088.RAKU,223.5,401034,MITSURAKU tr?n C88,,25
2396,C89,MITSURAKU,Rubber V Belt MITSURAKU C89,CR.CT.089.RAKU,226.1,401034,MITSURAKU tr?n C89,,25
2397,C90,MITSURAKU,Rubber V Belt MITSURAKU C90,CR.CT.090.RAKU,228.6,401034,MITSURAKU tr?n C90,,25
2398,C91,MITSURAKU,Rubber V Belt MITSURAKU C91,CR.CT.091.RAKU,231.1,401034,MITSURAKU tr?n C91,,25
2399,C92,MITSURAKU,Rubber V Belt MITSURAKU C92,CR.CT.092.RAKU,233.7,401034,MITSURAKU tr?n C92,,25
2400,C93,MITSURAKU,Rubber V Belt MITSURAKU C93,CR.CT.093.RAKU,236.2,401034,MITSURAKU tr?n C93,,25
2401,C94,MITSURAKU,Rubber V Belt MITSURAKU C94,CR.CT.094.RAKU,238.8,401034,MITSURAKU tr?n C94,,25
2402,C95,MITSURAKU,Rubber V Belt MITSURAKU C95,CR.CT.095.RAKU,241.3,401039,MITSURAKU tr?n C95,,25
2403,C96,MITSURAKU,Rubber V Belt MITSURAKU C96,CR.CT.096.RAKU,243.8,401039,MITSURAKU tr?n C96,,25
2404,C97,MITSURAKU,Rubber V Belt MITSURAKU C97,CR.CT.097.RAKU,246.4,401039,MITSURAKU tr?n C97,,25
2405,C98,MITSURAKU,Rubber V Belt MITSURAKU C98,CR.CT.098.RAKU,248.9,401039,MITSURAKU tr?n C98,,25
2406,C99,MITSURAKU,Rubber V Belt MITSURAKU C99,CR.CT.099.RAKU,251.5,401039,MITSURAKU tr?n C99,,25
2407,D96,MITSURAKU,Rubber V Belt MITSURAKU D96,CR.DT.096.RAKU,243.8,401039,MITSURAKU tr?n D96,,14
2408,FM20,MITSURAKU,Rubber V Belt MITSURAKU FM20,CR.FMT.020.RAKU,50.8,401039,MITSURAKU tr?n FM20,,400
2409,FM21,MITSURAKU,Rubber V Belt MITSURAKU FM21,CR.FMT.021.RAKU,53.3,401039,MITSURAKU tr?n FM21,,400
2410,FM22,MITSURAKU,Rubber V Belt MITSURAKU FM22,CR.FMT.022.RAKU,55.9,401039,MITSURAKU tr?n FM22,,400
2411,FM23,MITSURAKU,Rubber V Belt MITSURAKU FM23,CR.FMT.023.RAKU,58.4,401039,MITSURAKU tr?n FM23,,400
2412,FM24,MITSURAKU,Rubber V Belt MITSURAKU FM24,CR.FMT.024.RAKU,61,401032,MITSURAKU tr?n FM24,,400
2413,FM25,MITSURAKU,Rubber V Belt MITSURAKU FM25,CR.FMT.025.RAKU,63.5,401032,MITSURAKU tr?n FM25,,400
2414,FM26,MITSURAKU,Rubber V Belt MITSURAKU FM26,CR.FMT.026.RAKU,66,401032,MITSURAKU tr?n FM26,,400
2415,FM27,MITSURAKU,Rubber V Belt MITSURAKU FM27,CR.FMT.027.RAKU,68.6,401032,MITSURAKU tr?n FM27,,400
2416,FM28,MITSURAKU,Rubber V Belt MITSURAKU FM28,CR.FMT.028.RAKU,71.1,401032,MITSURAKU tr?n FM28,,400
2417,FM29,MITSURAKU,Rubber V Belt MITSURAKU FM29,CR.FMT.029.RAKU,73.7,401032,MITSURAKU tr?n FM29,,350
2418,FM30,MITSURAKU,Rubber V Belt MITSURAKU FM30,CR.FMT.030.RAKU,76.2,401032,MITSURAKU tr?n FM30,,350
2419,FM31,MITSURAKU,Rubber V Belt MITSURAKU FM31,CR.FMT.031.RAKU,78.7,401032,MITSURAKU tr?n FM31,,350
2420,FM32,MITSURAKU,Rubber V Belt MITSURAKU FM32,CR.FMT.032.RAKU,81.3,401032,MITSURAKU tr?n FM32,,250
2421,FM33,MITSURAKU,Rubber V Belt MITSURAKU FM33,CR.FMT.033.RAKU,83.8,401032,MITSURAKU tr?n FM33,,350
2422,FM34,MITSURAKU,Rubber V Belt MITSURAKU FM34,CR.FMT.034.RAKU,86.4,401032,MITSURAKU tr?n FM34,,350
2423,FM35,MITSURAKU,Rubber V Belt MITSURAKU FM35,CR.FMT.035.RAKU,88.9,401032,MITSURAKU tr?n FM35,,350
2424,FM36,MITSURAKU,Rubber V Belt MITSURAKU FM36,CR.FMT.036.RAKU,91.4,401032,MITSURAKU tr?n FM36,,300
2425,FM37,MITSURAKU,Rubber V Belt MITSURAKU FM37,CR.FMT.037.RAKU,94,401032,MITSURAKU tr?n FM37,,300
2426,FM38,MITSURAKU,Rubber V Belt MITSURAKU FM38,CR.FMT.038.RAKU,96.5,401032,MITSURAKU tr?n FM38,,300
2427,FM39,MITSURAKU,Rubber V Belt MITSURAKU FM39,CR.FMT.039.RAKU,99.1,401032,MITSURAKU tr?n FM39,,300
2428,FM40,MITSURAKU,Rubber V Belt MITSURAKU FM40,CR.FMT.040.RAKU,101.6,401032,MITSURAKU tr?n FM40,,300
2429,FM41,MITSURAKU,Rubber V Belt MITSURAKU FM41,CR.FMT.041.RAKU,104.1,401032,MITSURAKU tr?n FM41,,250
2430,FM42,MITSURAKU,Rubber V Belt MITSURAKU FM42,CR.FMT.042.RAKU,106.7,401032,MITSURAKU tr?n FM42,,250
2431,FM43,MITSURAKU,Rubber V Belt MITSURAKU FM43,CR.FMT.043.RAKU,109.2,401032,MITSURAKU tr?n FM43,,250
2432,FM44,MITSURAKU,Rubber V Belt MITSURAKU FM44,CR.FMT.044.RAKU,111.8,401032,MITSURAKU tr?n FM44,,250
2433,FM45,MITSURAKU,Rubber V Belt MITSURAKU FM45,CR.FMT.045.RAKU,114.3,401032,MITSURAKU tr?n FM45,,250
2434,FM46,MITSURAKU,Rubber V Belt MITSURAKU FM46,CR.FMT.046.RAKU,116.8,401032,MITSURAKU tr?n FM46,,250
2435,FM47,MITSURAKU,Rubber V Belt MITSURAKU FM47,CR.FMT.047.RAKU,119.4,401032,MITSURAKU tr?n FM47,,250
2436,FM48,MITSURAKU,Rubber V Belt MITSURAKU FM48,CR.FMT.048.RAKU,121.9,401032,MITSURAKU tr?n FM48,,250
2437,FM49,MITSURAKU,Rubber V Belt MITSURAKU FM49,CR.FMT.049.RAKU,124.5,401032,MITSURAKU tr?n FM49,,250
2438,FM50,MITSURAKU,Rubber V Belt MITSURAKU FM50,CR.FMT.050.RAKU,127,401032,MITSURAKU tr?n FM50,,250
